"日付","PCR 検査陽性者数","Newly confirmed cases","退院、療養解除となった者","入院治療を要する者","PCR 検査実施件数","死亡者数","国立感染症研究所","検疫所","地方衛生研究所・保健所","民間検査会社","大学等","医療機関","小計","計","Requiring inpatient care","Discharged from hospital or released from treatment","To be confirmed","Deaths","Severe cases"
"2020-01-16","1",,,,,,,,,,,,,,,,,,
"2020-01-17","0",,,,,,,,,,,,,,,,,,
"2020-01-18","0",,,,,,,,,,,,,,,,,,
"2020-01-19","0",,,,,,,,,,,,,,,,,,
"2020-01-20","0",,,,,,,,,,,,,,,,,,
"2020-01-21","0",,,,,,,,,,,,,,,,,,
"2020-01-22","0",,,,,,,,,,,,,,,,,,
"2020-01-23","0",,,,,,,,,,,,,,,,,,
"2020-01-24","1",,,,,,,,,,,,,,,,,,
"2020-01-25","1",,,,,,,,,,,,,,,,,,
"2020-01-26","1","1",,,,,,,,,,,,,,,,,
"2020-01-27","0","0",,,,,,,,,,,,,,,,,
"2020-01-28","3","3",,,,,,,,,,,,,,,,,
"2020-01-29","1","1","1",,,,,,,,,,,,,,,,
"2020-01-30","3","3","1",,,,,,,,,,,,,,,,
"2020-01-31","1","0","1",,,,,,,,,,,,,,,,
"2020-02-01","0","0","1",,,,,,,,,,,,,,,,
"2020-02-02","0","0","1",,,,,,,,,,,,,,,,
"2020-02-03","0","0","1",,,,,,,,,,,,,,,,
"2020-02-04","2","1","1","15",,,,,,,,,,,,,,,
"2020-02-05","2","2","4","16","4",,,,,,,,,,,,,,
"2020-02-06","0","0","4","12","19",,,,,,,,,,,,,,
"2020-02-07","0","0","6","12","9",,,,,,,,,,,,,,
"2020-02-08","0","0","9","7","4",,,,,,,,,,,,,,
"2020-02-09","0","0","9","7","10",,,,,,,,,,,,,,
"2020-02-10","0","0","9","7","12",,,,,,,,,,,,,,
"2020-02-11","0","1","10","6","4",,,,,,,,,,,,,,
"2020-02-12","1","1","11","6","10",,,,,,,,,,,,,,
"2020-02-13","4","3","11","6","16",,,,,,,,,,,,,,
"2020-02-14","7","5","12","9","43","1",,,,,,,,,,,,,
"2020-02-15","12","4","12","24","86","1",,,,,,,,,,,,,
"2020-02-16","6","1","13","24","65","1",,,,,,,,,,,,,
"2020-02-17","7","6","12","24","113","1",,,,,,,,,,,,,
"2020-02-18","7","8","14","31","9","1","472","75","398",,"79",,"1024","1024",,,,,
"2020-02-19","10","9","16","35","71","1","15","68","609",,"0",,"692","692",,,,,
"2020-02-20","9","8","16","52","90","1","20","15","758",,"0",,"793","793",,,,,
"2020-02-21","11","13","16","62","85","1","261","188","902",,"108",,"1591","1591",,,,,
"2020-02-22","27","23","17","96","96","1","341","127","677",,"19",,"1166","1166",,,,,
"2020-02-23","12","10","17","108","39","1","53","72","529",,"0",,"654","654",,,,,
"2020-02-24","12","16","18","121","104","1","22","103","460",,"0",,"602","602",,,,,
"2020-02-25","8","8","23","125","44","1","195","38","695",,"0",,"928","928",,,,,
"2020-02-26","22","22","23","138","168","1","267","19","970",,"0",,"1405","1405",,,,,
"2020-02-27","24","24","30","161","151","3","237","61","1101",,"0",,"1399","1399",,,,,
"2020-02-28","20","19","30","176","130","4","53","79","1369",,"0",,"1603","1603",,,,,
"2020-02-29","9","9","31","188","178","5","10","86","971",,"0",,"1067","1067",,,,,
"2020-03-01","15","14","31","201","96","5","0","22","544",,"0",,"682","682",,,,,
"2020-03-02","14","14","32","212","71","6","125","24","1038",,"0",,"1202","1202",,,,,
"2020-03-03","16","22","35","226","153","6","20","27","1718",,"0",,"1776","1776",,,,,
"2020-03-04","33","34","37","258","3940","6","71","12","1398",,"0",,"1488","1488",,,,,
"2020-03-05","31","33","38","271","699","6","83","11","1579",,"0",,"1678","1678",,,,,
"2020-03-06","59","54","56","323","553","6","107","35","1786",,"62","68","2063","2063",,,,,
"2020-03-07","47","44","63","366","147","6","18","13","1616",,"20","44","1722","1722",,,,,
"2020-03-08","33","35","67","377","110","6","0","10","579",,"8","9","608","608",,,,,
"2020-03-09","26","27","88","400","1314","7","0","27","1072",,"97","48","1248","1248",,,,,
"2020-03-10","54","60","89","437","424","9","8","57","1763",,"65","62","2052","2052",,,,,
"2020-03-11","52","52","103","481","181","12","69","45","1537",,"70","83","1885","1885",,,,,
"2020-03-12","55","55","108","520","1855","15","86","128","1378",,"54","65","1739","1739",,,,,
"2020-03-13","40","34","120","548","859","19","4","187","1163",,"75","98","1564","1564",,,,,
"2020-03-14","62","62","129","591","107","21","153","238","1082",,"15","52","1593","1593",,,,,
"2020-03-15","33","29","142","603","42","22","12","59","432",,"4","106","613","613",,,,,
"2020-03-16","15","16","149","621","2083","24","25","65","816",,"82","57","1080","1080",,,,,
"2020-03-17","44","45","156","645","203","28","35","14","1548",,"63","56","1779","1779",,,,,
"2020-03-18","39","39","176","659",,"29","16","59","1461",,"89","69","1791","1791",,,,,
"2020-03-19","36","39","200","681","3490","31","22","31","1449",,"91","66","1745","1745",,,,,
"2020-03-20","53","52","212","723","119","33","0","51","1270",,"93","24","1466","1466",,,,,
"2020-03-21","34","35","217","719","132","35","0","40","696",,"28","13","898","898",,,,,
"2020-03-22","42","45","257","743","56","36","4","83","688",,"42","40","857","857",,,,,
"2020-03-23","38","39","270","763","3862","41","0","20","1136",,"119","80","1392","1392",,,,,
"2020-03-24","65","89","285","816",,"42","2","47","1973",,"119","102","2327","2327",,,,,
"2020-03-25","93","93","294","855","674","43","0","29","1571",,"101","66","1909","1909",,,,,
"2020-03-26","96","93","343","920","1805","45","0","17","1721",,"164","95","2149","2149",,,,,
"2020-03-27","104","96","356","948","1442","46","30","12","1774",,"166","87","2265","2265",,,,,
"2020-03-28","194","222","388","1187","296","49","0","16","2049",,"156","32","2526","2526",,,,,
"2020-03-29","185","151","408","1358","206","52","326","62","1326",,"94","29","2109","2109",,,,,
"2020-03-30","74","80","408","1423","3481","54","456","97","1665",,"258","183","3199","3199",,,,,
"2020-03-31","218","227","408","1594","1914","56","0","207","3037",,"252","187","4082","4082",,,,,
"2020-04-01","224","257","456","1757",,"57","0","46","2870",,"354","340","4096","4096",,,,,
"2020-04-02","253","281","489","1980","4685","60","0","131","3544",,"409","267","5070","5070",,,,,
"2020-04-03","337","353","498","2227","3305","63","186","496","3536",,"537","191","5732","5732",,,,,
"2020-04-04","370","365","559","2553","271","69","517","590","3179",,"384","68","5921","5921",,,,,
"2020-04-05","386","346","568","2921","218","70","288","702","2021",,"145","47","3699","3699",,,,,
"2020-04-06","270","248","575","3132","7876","73","338","627","2769",,"650","303","5469","5469",,,,,
"2020-04-07","377","365","605","3472","4544","80","357","685","4152",,"641","203","7376","7376",,,,,
"2020-04-08","550","522","615","3914","1383","81","414","805","4110",,"589","296","8064","8064",,,,,
"2020-04-09","572","574","668","4461","2841","85","287","940","4541",,"549","338","8318","8318",,,,,
"2020-04-10","708","640","697","5063","5389","88","344","650","4730",,"676","345","8310","8310",,,,,
"2020-04-11","676","644","745","5751","1644","94","351","683","4678",,"369","91","7614","7614",,,,,
"2020-04-12","571","486","767","6239","57","98","326","833","2835",,"50","81","4412","4412",,,,,
"2020-04-13","333","387","782","6564","9252","102","103","819","3202",,"742","419","7024","7024",,,,,
"2020-04-14","511","446","836","6961","8255","109","205","939","5492",,"701","375","9205","9205",,,,,
"2020-04-15","511","552","884","7388","693","119","83","694","5473",,"572","430","9224","9224",,,,,
"2020-04-16","596","558","918","7884","5325","136","0","703","5617",,"558","320","8916","8916",,,,,
"2020-04-17","575","572","995","8448","4149","148","135","846","5490",,"650","400","9633","9633",,,,,
"2020-04-18","590","577","1052","8916","1004","154","8","778","4845",,"202","138","8708","8708",,,,,
"2020-04-19","372","377","1142","9215","2953","161","125","834","3500",,"42","92","4645","4645",,,,,
"2020-04-20","365","346","1222","9449","6816","171","0","425","3305",,"708","484","7142","7142",,,,,
"2020-04-21","374","389","1339","9740","5542","186","0","668","4744",,"1012","345","8855","8855",,,,,
"2020-04-22","450","446","2023","10082","4415","277","65","358","5315",,"806","356","9412","9412",,,,,
"2020-04-23","445","439","2391","10469","5349","287","144","521","5464",,"945","320","9783","9783",,,,,
"2020-04-24","451","444","2519","10801","5187","317","73","687","4924",,"1185","453","9957","9957",,,,,
"2020-04-25","374","371","2645","11046","1250","334","148","795","4352",,"315","167","8477","8477",,,,,
"2020-04-26","221","224","2798","11175","1136","348","0","732","2983",,"67","99","4314","4314",,,,,
"2020-04-27","189","182","2888","11252","8545","351","0","592","3135",,"960","499","7450","7450",,,,,
"2020-04-28","284","279","3170","11427","3244","376","57","711","4958",,"946","478","10077","10077",,,,,
"2020-04-29","227","217","3357","11585","879","389","0","636","4146",,"196","142","7333","7333",,,,,
"2020-04-30","199","202","3449","11424","8126","415","52","591","3317",,"956","527","8345","8345",,,,,
"2020-05-01","266","282","3964","11558","6820","432","68","706","4582",,"1025","526","9638","9638",,,,,
"2020-05-02","302","288","4194","11724","880","458","165","805","3992",,"381","274","8971","8971",,,,,
"2020-05-03","204","195","4368","11823","1012","492","70","692","3047",,"274","295","5044","5044",,,,,
"2020-05-04","177","181","4479","11935","1332","510","217","366","2558",,"395","280","5356","5356",,,,,
"2020-05-05","120","119","4570","11731","1569","521","266","406","2448",,"391","277","5174","5174",,,,,
"2020-05-06","106","104","4901","11638","447","543","244","399","2157",,"367","293","4663","4663",,,,,
"2020-05-07","96","107","5129","11286","13005","551","224","487","2689",,"1012","500","8197","8197",,,,,
"2020-05-08","89","88","8110","6302","10680","600","115","425","3851",,"1156","528","9554","9554",,,,,
"2020-05-09","108","108","8276","6250","2265","613","106","581","3458",,"390","302","8647","8647","6250","8276","442","613","267"
"2020-05-10","68","66","8514","6074","3995","621","52","648","2088",,"160","148","3662","3662","6074","8514","422","621","249"
"2020-05-11","50","58","8903","5914","5993","643","23","633","2066",,"1250","668","7371","7371","5914","8903","247","643","243"
"2020-05-12","80","87","9851","5162","288","668","27","692","3387",,"1201","556","9100","9100","5162","9851","174","668","259"
"2020-05-13","54","55","10321","4732","10074","687","24","231","3179",,"997","450","8902","8902","4732","10321","169","687","245"
"2020-05-14","100","99","10792","4339","5866","710","3","525","2936",,"1011","491","8556","8556","4339","10792","182","710","237"
"2020-05-15","52","55","11136","4025","3092","725","8","578","2741",,"1190","472","8288","8288","4025","11136","181","725","232"
"2020-05-16","57","56","11398","3787","4337","744","94","658","2399",,"363","232","6637","6637","3787","11398","184","744","230"
"2020-05-17","30","29","11547","3667","4987","749","10","732","1340",,"143","149","2900","2900","3667","11547","169","749","228"
"2020-05-18","30","30","11867","3400","5980","763","0","482","1486",,"1273","629","6664","6664","3400","11867","164","763","213"
"2020-05-19","31","32","12269","3009","3221","771","12","643","2185",,"1114","541","7619","7619","3009","12269","165","771","210"
"2020-05-20","38","37","12655","2761","3669","777","10","360","2056",,"881","401","6707","6707","2799","12655","24","777","195"
"2020-05-21","43","45","12988","2495","4580","796","9","513","1791",,"919","444","6420","6420","2495","12988","64","796","176"
"2020-05-22","31","30","13227","2293","3495","808","8","506","1460",,"1006","435","5828","5828","2293","13227","36","808","174"
"2020-05-23","29","30","13396","2130","2769","820","9","597","1301",,"266","204","4594","4594","2130","13396","31","820","168"
"2020-05-24","40","40","13446","2111","1252","830","0","645","735",,"60","120","2009","2009","2111","13446","20","830","165"
"2020-05-25","20","22","13643","1939","3620","846","0","449","867",,"1248","590","5053","5053","1939","13643","20","846","155"
"2020-05-26","27","27","13806","1788","2994","858","17","706","1541",,"1031","542","6149","6149","1788","13806","21","858","147"
"2020-05-27","37","37","13979","1637","3004","867","2","503","1416",,"903","505","6331","6331","1637","13979","19","867","136"
"2020-05-28","61","62","14085","1556","3981","874","13","595","1395",,"951","537","6275","6275","1556","14085","21","874","131"
"2020-05-29","64","63","14237","1466","3501","886","1","592","1293",,"1085","520","6329","6329","1466","14237","22","886","123"
"2020-05-30","46","46","14290","1452","2652","891","18","858","1249",,"348","259","5342","5342","1452","14290","21","891","119"
"2020-05-31","32","33","14333","1436","1657","892","0","1252","702",,"260","115","2746","2746","1436","14333","22","892","115"
"2020-06-01","36","36","14481","1341","3789","894","0","748","867",,"1175","791","5585","5585","1341","14481","12","894","113"
"2020-06-02","51","51","14602","1270","4526","900","13","886","1625",,"1030","633","7053","7053","1272","14605","12","900","101"
"2020-06-03","26","26","14690","1207","3979","903","132","770","1556",,"966","587","7341","7341","1207","14690","12","903","102"
"2020-06-04","45","45","14795","1141","4600","907","82","709","1498",,"940","543","7127","7127","1141","14795","12","907","98"
"2020-06-05","41","41","14901","1064","4939","914","99","969","1737",,"1166","568","8046","8046","1064","14901","12","914","99"
"2020-06-06","45","45","14961","1042","3220","916","0","1045","1401",,"299","256","6612","6612","1042","14961","11","916","98"
"2020-06-07","32","32","14970","1060","1725","916","0","1098","772",,"46","122","2553","2553","1060","14970","11","916","99"
"2020-06-08","22","22","15035","1028","4516","916","0","719","808",,"1244","793","6352","6352","1028","15035","12","916","92"
"2020-06-09","30","30","15120","965","4600","919","28","827","1528",,"956","631","8485","8485","965","15120","12","919","91"
"2020-06-10","36","36","15200","923","5092","920","0","672","1388",,"1021","572","7718","7718","923","15200","12","920","88"
"2020-06-11","40","40","15308","854","4573","922","0","802","1289",,"1013","557","7312","7312","854","15308","10","922","82"
"2020-06-12","57","57","15395","810","5145","924","42","1061","1286",,"1355","559","7971","7971","810","15395","9","924","76"
"2020-06-13","43","43","15451","801","2633","925","41","1183","1148",,"394","272","6990","6990","801","15451","6","925","73"
"2020-06-14","62","62","15493","819","1451","925","0","1205","635",,"68","153","2518","2518","819","15493","5","925","71"
"2020-06-15","60","60","15508","871","4300","927","3","878","598",,"1256","757","6872","6872","871","15508","9","927","80"
"2020-06-16","42","42","15657","760","4462","931","0","871","1339",,"1040","577","7836","7836","760","15657","6","931","70"
"2020-06-17","43","43","15737","712","1348","935","40","771","1150",,"963","493","7661","7661","712","15737","7","935","62"
"2020-06-18","68","68","15811","707","6176","935","86","838","997",,"939","631","7439","7439","707","15811","7","935","62"
"2020-06-19","54","54","15880","677","4823","952","3","1173","966",,"1278","628","7526","7526","677","15880","7","952","61"
"2020-06-20","65","65","15911","711","2474","953","0","1155","1041",,"306","302","6275","6275","711","15911","6","953","59"
"2020-06-21","49","48","15936","732","4127","953","0","1440","477",,"39","177","3701","3701","732","15936","5","953","59"
"2020-06-22","40","40","16007","706","5376","955","0","993","537",,"1313","837","8259","8259","706","16007","7","955","62"
"2020-06-23","53","53","16058","698","3722","963","80","818","1054",,"1069","643","7315","7315","698","16058","8","963","60"
"2020-06-24","89","89","16116","713","4979","967","25","794","1024",,"1111","585","8344","8344","713","16116","10","967","58"
"2020-06-25","79","79","16188","727","4455","968","0","1064","1084",,"1061","636","7458","7458","727","16188","7","968","51"
"2020-06-26","99","99","16248","757","4758","970","3","1239","1132",,"1226","677","7816","7816","757","16248","8","970","48"
"2020-06-27","88","88","16301","790","3533","970","0","1117","1195",,"437","352","6809","6809","790","16301","8","970","45"
"2020-06-28","111","111","16353","822","1513","971","0","1335","743",,"44","162","3475","3475","822","16353","8","971","43"
"2020-06-29","110","110","16424","869","5510","971","0","893","920",,"1378","991","7234","7234","869","16424","10","971","42"
"2020-06-30","132","132","16522","897","4651","973","23","742","1346",,"1471","728","8757","8757","897","16522","8","973","40"
"2020-07-01","125","125","16563","1006","6564","974","0","1058","1406",,"1207","698","9593","9593","1006","16563","8","974","37"
"2020-07-02","194","194","16654","1105","5460","975","0","1181","1326",,"1200","781","9048","9048","1105","16654","7","975","33"
"2020-07-03","249","249","16747","1224","6597","976","0","1163","1779",,"1388","795","10439","10439","1224","16747","7","976","32"
"2020-07-04","268","268","16838","1386","3134","976","0","1359","1776",,"508","415","10109","10109","1386","16838","26","976","33"
"2020-07-05","195","195","16912","1550","2618","976","0","1733","1344",,"106","265","4701","4701","1552","16892","11","976","34"
"2020-07-06","172","174","16981","1671","8228","977","0","1046","1275",,"1669","1111","11195","11195","1671","16981","11","977","36"
"2020-07-07","208","203","17115","1721","7099","979","6","1217","2218",,"1384","841","13731","13731","1721","17115","9","979","35"
"2020-07-08","203","203","17250","1776","7725","980","0","1173","2323",,"1481","787","12547","12547","1776","17250","11","980","38"
"2020-07-09","352","352","17436","1929","7700","981","0","1033","2239",,"1371","757","11877","11877","1929","17436","14","981","31"
"2020-07-10","420","418","17633","2139","8955","981","0","1603","2455",,"1682","882","13216","13216","2139","17633","14","981","33"
"2020-07-11","373","374","17787","2339","5362","981","0","1645","2279",,"558","430","12350","12350","2339","17787","11","981","32"
"2020-07-12","391","390","17887","2587","1838","981","0","1440","1475",,"155","227","5531","5531","2587","17887","9","981","34"
"2020-07-13","248","246","18066","2754","10552","981","0","903","1402",,"1994","1211","13614","13614","2754","18066","17","981","40"
"2020-07-14","327","326","18312","2789","11154","983","0","1126","3520",,"1603","1061","15627","15627","2789","18312","15","983","38"
"2020-07-15","440","438","18580","2885","11343","984","81","1071","3508",,"1522","1029","16882","16882","2885","18580","11","984","37"
"2020-07-16","619","619","18862","3191","16683","984","85","1097","3960",,"1561","1094","16650","16650","3191","18862","32","984","39"
"2020-07-17","588","588","19132","3560","12994","984","36","1682","4147",,"1735","1144","18349","18349","3560","19132","20","984","41"
"2020-07-18","655","654","19342","3865","7166","984","0","1344","3571",,"518","597","15730","15730","3865","19342","12","984","43"
"2020-07-19","501","501","19523","4113","3262","984","0","1627","2521",,"188","291","6768","6768","4113","19523","14","984","47"
"2020-07-20","407","405","19921","4345","15959","987","3","881","2928",,"1676","1478","16322","16322","4345","19921","16","987","52"
"2020-07-21","618","618","20403","4421","12114","988","36","1002","4656",,"1565","1266","19065","19065","4421","20403","7","988","55"
"2020-07-22","792","792","20787","4751","16357","989","0","1066","4989",,"2041","1356","22392","22392","4751","20787","14","989","59"
"2020-07-23","966","966","21080","5369","8310","991","121","1083","4719",,"414","639","14074","14074","5369","21080","11","991","68"
"2020-07-24","766","766","21319","5949","5695","992","0","1237","3796",,"206","646","9938","9938","5949","21319","16","992","64"
"2020-07-25","798","796","21514","6315","9530","995","0","1331","3941",,"848","1062","15797","15797","6315","21514","33","995","66"
"2020-07-26","830","834","21868","6573","3785","995","0","1492","4112",,"217","461","9405","9405","6573","21868","22","995","67"
"2020-07-27","581","583","22560","6828","24182","997","0","935","4151",,"2314","1811","19165","19165","6828","22560","27","997","76"
"2020-07-28","968","971","23256","7063","18086","1000","0","1142","6385",,"2212","1619","22728","22728","7063","23256","22","1000","81"
"2020-07-29","1242","1245","23928","7508","18669","1003","0","528","6470",,"2014","1665","24937","24937","7508","23928","26","1003","90"
"2020-07-30","1297","1305","24678","8062","19687","1005","0","539","6224",,"1801","1693","25530","25530","8062","24678","37","1005","87"
"2020-07-31","1574","1575","25253","8945","17354","1010","75","1006","6314",,"2138","1693","27123","27123","8945","25253","39","1010","80"
"2020-08-01","1535","1537","25653","9427","9606","1010","8","630","6277",,"752","874","23023","23023","9950","25839","38","1011","84"
"2020-08-02","1324","1325","26236","10330","10599","1011","0","751","4162",,"257","543","8959","8959","10330","26236","176","1011","83"
"2020-08-03","937","941","26943","9887","25794","1015","0","0","5173",,"2785","1938","26876","26876","9887","26943","1449","1015","88"
"2020-08-04","1234","1240","27772","11337","18740","1021","0","0","8061",,"2148","1879","26715","26715","11337","27772","433","1021","104"
"2020-08-05","1350","1344","28739","11881","39723","1025","82","46","6736",,"1963","1570","25804","25804","11881","28739","105","1025","116"
"2020-08-06","1479","1479","29915","12167","22015","1032","0","5","7211",,"1839","3510","30937","30937","12167","29915","101","1032","132"
"2020-08-07","1595","1597","30961","12382","22698","1038","0","30","7077",,"1203","2636","26864","26864","12382","30961","181","1036","139"
"2020-08-08","1523","1521","32059","13011","13676","1039","0","13","5909",,"560","1085","23921","23921","13011","32059","-21","1039","156"
"2020-08-09","1486","1485","32805","13633","13336","1046","0","0","5203",,"388","795","9932","9932","13633","32805","626","1046","162"
"2020-08-10","836","829","33722","13724","6440","1051","0","1","4478",,"1100","1760","11290","11290","13724","33722","701","1051","171"
"2020-08-11","693","691","34635","13610","32939","1058","0","0","4594",,"1793","3459","23867","23867","13612","34635","241","1058","177"
"2020-08-12","969","969","35858","13286","25782","1062","0","107","5805",,"2152","3694","27022","27022","13289","35858","247","1062","203"
"2020-08-13","1176","1175","37165","13039","21062","1072","0","0","5738",,"1977","3437","26094","26094","13043","37165","245","1072","211"
"2020-08-14","1356","1355","38600","12976","55240","1084","83","0","5230",,"1224","2579","23266","23266","12984","38600","307","1084","229"
"2020-08-15","1234","1233","39715","13072","11750","1087","0","5","5378",,"554","1212","20756","20756","13084","39715","400","1087","232"
"2020-08-16","1017","1015","40794","13008","7438","1098","0","39","3392",,"831","1400","8349","8349","13020","40794","466","1098","242"
"2020-08-17","630","630","41853","12767","25835","1114","0","11","3193",,"2303","4247","24360","24360","12778","41853","229","1114","243"
"2020-08-18","904","903","43379","12084","21130","1127","36","4","5631",,"2322","3469","27346","27346","12097","43379","241","1127","239"
"2020-08-19","1080","1078","44771","11686","21937","1143","0","77","5505",,"2412","3725","28182","28182","11702","44771","176","1143","237"
"2020-08-20","1182","1176","45938","11709","21889","1154","20","37","4940",,"2397","3643","28669","28669","11727","45938","207","1154","247"
"2020-08-21","1036","1035","47045","11597","21866","1168","37","10","5459",,"1418","2714","26089","26089","11615","47045","182","1168","246"
"2020-08-22","985","985","47946","11732","13348","1175","0","1","5020",,"655","1263","21793","21793","11747","47946","167","1175","258"
"2020-08-23","739","737","48716","11718","10953","1180","0","34","2847",,"765","1433","8062","8062","11731","48716","167","1180","262"
"2020-08-24","491","491","49794","11211","22051","1195","0","3","3123",,"2482","3454","15661","15661","11225","49794","182","1195","255"
"2020-08-25","712","709","51034","10647","18238","1208","0","0","4740",,"2291","3512","25145","25145","10663","51034","181","1208","251"
"2020-08-26","893","893","52169","10306","19353","1225","0","111","4611",,"2496","3488","27187","27187","10323","52169","214","1225","243"
"2020-08-27","867","870","53318","10111","21546","1237","27","0","5183",,"2071","3412","27444","27444","10127","53318","257","1237","232"
"2020-08-28","870","869","54650","9697","18597","1254","0","0","4075",,"1823","2517","25859","25859","9708","54650","69","1254","233"
"2020-08-29","844","841","55471","9696","12915","1263","0","0","4678",,"671","1171","21999","21999","9705","55471","78","1263","237"
"2020-08-30","598","598","56109","9649","9577","1278","0","24","2805",,"813","1419","7676","7676","9658","56109","72","1278","239"
"2020-08-31","425","430","57130","9135","21529","1295","0","0","2948",,"2714","4578","26373","26373","9142","57130","66","1295","237"
"2020-09-01","624","624","57735","9108","18131","1306","20","0","4371",,"2546","4508","24948","24948","9111","57735","72","1306","228"
"2020-09-02","589","585","58827","8604","24123","1318","42","44","4101",,"2019","3825","26215","26215","8608","58827","80","1318","221"
"2020-09-03","656","654","59720","8363","22991","1329","0","5","4137",,"2106","3708","25114","25114","8371","59720","80","1329","217"
"2020-09-04","583","582","60726","7957","15457","1348","0","39","3684",,"1540","2356","24534","24534","7965","60726","58","1348","214"
"2020-09-05","598","598","61357","7908","11930","1356","0","0","3399",,"751","1180","18698","18698","7917","61357","16","1356","215"
"2020-09-06","447","447","61817","7868","4175","1362","0","43","1643",,"455","1609","6112","6112","7877","61817","19","1362","214"
"2020-09-07","288","285","62563","7439","24012","1376","0","0","1610",,"2197","3364","17448","17448","7449","62563","48","1376","207"
"2020-09-08","514","510","63381","7098","14637","1392","16","0","3335",,"1691","3740","22474","22474","7108","63381","42","1392","207"
"2020-09-09","507","507","64116","6839","23072","1405","20","36","3475",,"2183","3481","23983","23983","6849","64116","41","1405","202"
"2020-09-10","709","709","64871","6761","22306","1411","26","12","3226",,"1993","3399","23464","23464","6771","64871","33","1411","195"
"2020-09-11","639","637","65561","6684","16479","1422","75","42","3531",,"1514","2593","21222","21222","6693","65561","40","1422","194"
"2020-09-12","641","639","66180","6754","10545","1438","0","0","3143",,"601","1136","18673","18673","6763","66180","99","1438","184"
"2020-09-13","439","438","66504","6841","472","1441","0","44","1879",,"2169","1546","8062","8062","6849","66504","75","1441","190"
"2020-09-14","265","262","67073","6567","25446","1450","0","0","2158",,"2370","3638","22159","22159","6573","67073","69","1450","179"
"2020-09-15","531","530","67754","6346","20163","1460","17","0","3602",,"2223","3685","23571","23571","6353","67754","73","1460","183"
"2020-09-16","543","543","68473","6174","18314","1472","26","0","3606",,"1624","3621","24130","24130","6179","68473","71","1472","172"
"2020-09-17","480","478","69117","6014","23313","1481","0","7","2795",,"577","3370","20578","20578","6018","69117","62","1481","176"
"2020-09-18","569","569","69700","6028","17605","1494","0","0","2071",,"748","2556","18685","18685","6032","69700","75","1494","166"
"2020-09-19","597","592","70231","6026","9530","1499","0","0","1839",,"1327","1251","16570","16570","6027","70231","55","1499","165"
"2020-09-20","469","469","70597","6132","6153","1499","0","0","1402",,"307","916","6297","6297","6132","70597","58","1499","169"
"2020-09-21","307","306","70841","6168","2778","1507","0","0","1720",,"452","961","6693","6693","6169","70841","76","1507","169"
"2020-09-22","322","321","71174","6125","3386","1511","0","0","1262",,"820","1674","6697","6697","6126","71174","92","1511","170"
"2020-09-23","216","216","71699","5904","26925","1519","0","0","1909",,"3218","5365","21110","21110","5905","71699","45","1519","170"
"2020-09-24","477","475","72643","5381","19021","1531","0","1","2387",,"2770","4453","25315","25315","5384","72643","59","1531","167"
"2020-09-25","570","567","73304","5260","28526","1539","0","0","2876",,"1779","2819","24052","24052","5265","73304","48","1539","160"
"2020-09-26","638","634","73739","5446","10522","1544","0","0","2291",,"691","1132","18987","18987","5451","73739","51","1544","164"
"2020-09-27","478","478","74122","5498","4550","1547","0","0","1582",,"701","1611","7114","7114","5501","74122","51","1547","163"
"2020-09-28","294","294","74589","5373","19750","1556","0","0","1772",,"2256","3849","23589","23589","5379","74589","55","1556","165"
"2020-09-29","531","527","75151","5324","103676","1563","0","0","2784",,"2598","4386","23456","23456","5330","75151","55","1563","155"
"2020-09-30","570","569","75708","5298","19462","1570","0","0","2475",,"2422","4118","24437","24437","5304","75708","61","1570","155"
"2020-10-01","623","619","76327","5320","17671","1577","0","0","2567",,"2536","3941","22763","22763","5326","76327","52","1577","149"
"2020-10-02","537","537","76913","5275","21860","1589","0","4","2589",,"1816","2798","20616","20616","5281","76913","44","1589","141"
"2020-10-03","564","562","77414","5314","13684","1596","0","0","2032",,"732","1449","16611","16611","5319","77414","55","1596","137"
"2020-10-04","395","394","77698","5401","4928","1598","0","0","1499",,"695","1808","7335","7335","5406","77698","65","1598","135"
"2020-10-05","271","269","78148","5258","21865","1601","0","0","1468",,"2057","4633","18635","18635","5260","78148","75","1601","144"
"2020-10-06","497","495","78750","5130","20435","1604","0","0","2642",,"2427","4935","23061","23061","5131","78750","64","1604","145"
"2020-10-07","505","502","79301","5056","21401","1612","0","0","2643",,"2458","4435","24701","24701","5056","79301","53","1612","147"
"2020-10-08","622","623","79807","5160","21397","1615","29","0","2403",,"2407","4429","23480","23480","5160","79807","58","1615","145"
"2020-10-09","594","594","80425","5120","19697","1623","0","0","2627",,"1778","3451","21345","21345","5120","80425","83","1623","151"
"2020-10-10","669","666","80893","5292","10803","1626","0","1","2331",,"488","1424","17514","17514","5292","80893","85","1626","149"
"2020-10-11","432","431","81182","5443","5077","1628","0","0","1295",,"772","1844","7215","7215","5443","81182","75","1628","150"
"2020-10-12","273","272","81690","5245","23235","1633","0","0","1391",,"3121","5851","22664","22664","5245","81690","91","1633","152"
"2020-10-13","494","491","82223","5162","19828","1637","0","1","2727",,"2532","5019","23679","23679","5162","82223","92","1637","154"
"2020-10-14","549","550","82899","5054","21837","1645","21","1","2250",,"2465","4589","24406","24406","5054","82899","81","1645","150"
"2020-10-15","703","703","83509","5176","20737","1649","8","0","2425",,"2337","4510","22884","22884","5176","83509","64","1649","152"
"2020-10-16","635","633","84088","5205","20701","1660","21","2","2400",,"1802","3553","21779","21779","5205","84088","62","1660","152"
"2020-10-17","579","611","84535","5326","9896","1669","0","0","2425",,"682","1536","17595","17595","5326","84535","68","1669","149"
"2020-10-18","457","422","84961","5375","5123","1673","0","0","1424",,"713","1808","6796","6796","5375","84961","94","1673","148"
"2020-10-19","315","313","85518","5174","21920","1675","0","0","1785",,"3123","5644","20928","20928","5174","85518","86","1675","146"
"2020-10-20","477","475","86100","5031","15486","1678","0","0","2559",,"2597","5389","23864","23864","5031","86100","78","1678","153"
"2020-10-21","616","611","86648","5037","22144","1684","0","1","2502",,"2391","5240","24842","24842","5038","86648","83","1684","153"
"2020-10-22","610","609","87227","5067","23418","1693","0","0","2350",,"2767","4978","24380","24380","5071","87227","73","1693","154"
"2020-10-23","745","742","87765","5216","22880","1705","0","0","2585",,"1855","3896","22904","22904","5220","87765","66","1705","156"
"2020-10-24","718","712","88237","5436","13211","1710","0","0","2040",,"774","1456","17243","17243","5440","88237","55","1710","160"
"2020-10-25","488","486","88658","5503","5427","1717","0","0","1651",,"1194","2035","7439","7439","5507","88658","98","1717","163"
"2020-10-26","401","401","89092","5499","22602","1724","0","0","1725",,"2968","6149","22170","22170","5503","89092","69","1724","166"
"2020-10-27","649","646","89746","5446","25714","1729","0","0","2502",,"2697","5447","25835","25835","5448","89746","81","1729","167"
"2020-10-28","724","724","90251","5642","23064","1732","0","0","2340",,"2530","4870","25574","25574","5642","90251","108","1732","162"
"2020-10-29","804","803","90811","5848","20504","1743","0","0","2302",,"2477","4782","22951","22951","5848","90811","89","1743","157"
"2020-10-30","769","767","91392","6012","21782","1754","0","3","2852",,"1745","3524","23287","23287","6012","91392","96","1754","162"
"2020-10-31","868","866","91877","6246","11398","1765","41","0","2753",,"1374","2863","21109","21109","6247","91877","112","1765","161"
"2020-11-01","606","603","92300","6474","6214","1773","0","0","1689",,"676","2119","10493","10493","6475","92300","116","1773","164"
"2020-11-02","482","480","92760","6469","21535","1779","0","0","1567",,"2079","4935","21271","21271","6470","92760","123","1779","164"
"2020-11-03","868","860","93192","6634","7477","1785","0","0","2379",,"950","2787","15379","15379","6635","93192","137","1785","166"
"2020-11-04","607","606","94003","6707","21840","1793","86","0","2232",,"3350","6887","25544","25544","6708","94003","159","1793","184"
"2020-11-05","1049","1046","94637","7075","29533","1805","0","0","2471",,"3131","6117","27807","27807","7076","94637","68","1805","190"
"2020-11-06","1137","1137","95330","7501","28237","1808","67","0","2718",,"1819","4972","27913","27913","7503","95330","73","1808","195"
"2020-11-07","1302","1301","96057","7904","13460","1811","0","0","2831",,"659","1894","22098","22098","7905","96057","86","1811","197"
"2020-11-08","938","934","96511","8346","8004","1817","0","0","2551",,"683","2284","9694","9694","8347","96511","179","1817","205"
"2020-11-09","772","770","97114","8702","25476","1828","0","0","2179",,"3420","7814","30783","30783","8703","97114","99","1828","209"
"2020-11-10","1278","1276","97932","9048","25179","1840","18","7","3802",,"2693","6628","32270","32270","9049","97932","94","1840","204"
"2020-11-11","1535","1540","98819","9676","33681","1850","71","0","3718",,"2821","6778","33025","33025","9676","98819","110","1850","226"
"2020-11-12","1623","1624","99824","10243","29912","1866","0","0","4115",,"2666","6470","31965","31965","10244","99824","82","1866","231"
"2020-11-13","1704","1703","100789","10923","24038","1879","0","0","4504",,"2290","5777","32170","32170","10927","100789","102","1879","234"
"2020-11-14","1723","1721","101632","11759","16651","1882","0","0","4461",,"684","2683","26395","26395","11765","101632","108","1882","243"
"2020-11-15","1423","1428","102454","12358","9127","1884","0","0","2863",,"889","2791","11537","11537","12363","102454","131","1884","251"
"2020-11-16","948","949","103406","12564","30109","1902","0","0","3810",,"3506","10152","35942","35942","12570","103406","138","1902","272"
"2020-11-17","1686","1685","104464","12978","27634","1912","0","0","5343",,"3028","8241","41069","41069","12982","104464","141","1912","276"
"2020-11-18","2179","2173","105701","13833","34630","1921","28","0","5115",,"3141","7571","40780","40780","13834","105701","180","1921","280"
"2020-11-19","2383","2382","107148","14708","37810","1942","20","0","5432",,"3091","7691","40948","40948","14709","107148","102","1942","291"
"2020-11-20","2418","2425","108608","15627","41770","1962","41","0","5074",,"2200","7050","42978","42978","15629","108608","103","1962","313"
"2020-11-21","2508","2570","109870","16822","24924","1973","0","4","4767",,"706","3803","33463","33463","16824","109870","133","1973","323"
"2020-11-22","2150","2146","110970","17878","20389","1980","0","0","3345",,"292","1798","12844","12844","17879","110970","144","1980","331"
"2020-11-23","1513","1513","112012","18392","9560","1988","0","0","4210",,"1110","4381","15712","15712","18393","112012","154","1988","345"
"2020-11-24","1217","1219","113394","18426","43773","2000","0","0","4442",,"3819","10810","39068","39068","18428","113394","165","2000","376"
"2020-11-25","1930","1925","115032","18565","41052","2021","0","0","6314",,"3293","8506","48256","48256","18567","115032","219","2021","410"
"2020-11-26","2499","2494","116778","19105","42634","2050","0","0","6170",,"2972","8196","47128","47128","19107","116778","150","2050","435"
"2020-11-27","2510","2510","118898","19508","43351","2073","0","0","6460",,"2205","6888","42217","42217","19511","118898","140","2073","440"
"2020-11-28","2674","2667","120530","20992","22307","2105","0","0","5069",,"945","3279","33258","33258","20413","120530","149","2105","462"
"2020-11-29","2041","2046","122072","20914","11975","2118","0","0","3994",,"848","3414","15324","15324","20916","122072","187","2118","472"
"2020-11-30","1429","1425","124088","20900","41335","2138","0","0","4309",,"3585","10772","43001","43001","20903","124088","282","2138","493"
"2020-12-01","2019","2014","125897","20601","44289","2171","0","0","5230",,"3334","9941","46725","46725","20602","125897","223","2171","488"
"2020-12-02","2419","2419","127814","21044","43236","2212","0","0","6034",,"3261","9212","46181","46181","21046","127814","239","2212","497"
"2020-12-03","2507","2505","129740","21567","36823","2239","0","0","5531",,"3256","8870","44536","44536","21570","129740","161","2239","505"
"2020-12-04","2425","2435","131995","21739","38145","2282","0","0","5323",,"2494","7960","43691","43691","21741","131995","129","2282","520"
"2020-12-05","2497","2496","133820","22249","22313","2314","0","0","5239",,"718","3656","34434","34434","22251","133820","163","2314","519"
"2020-12-06","1999","2010","135434","22535","17612","2334","0","0","3728",,"808","3352","14886","14886","22537","135434","203","2334","530"
"2020-12-07","1502","1502","137516","22187","37737","2381","0","0","4786",,"4055","11845","46504","46504","22187","137516","268","2381","536"
"2020-12-08","2148","2166","139124","22412","40060","2419","0","0","5817",,"3476","10218","48598","48598","22412","139124","314","2419","555"
"2020-12-09","2802","2801","141494","22683","54557","2464","0","0","6781",,"3412","9813","51421","51421","22683","141494","359","2464","543"
"2020-12-10","2948","2966","143491","23646","44612","2501","0","0","7310",,"3046","9885","49737","49737","23646","143491","332","2501","554"
"2020-12-11","2781","2795","145987","23867","53834","2533","0","0","7859",,"2534","9422","52974","52974","23867","145987","335","2533","578"
"2020-12-12","3012","3010","147740","24981","28203","2561","0","0","6115",,"1139","4254","41993","41993","24981","147740","420","2561","583"
"2020-12-13","2373","2375","149391","25536","13144","2584","0","0","5422",,"941","3976","18073","18073","25536","149391","557","2584","588"
"2020-12-14","1662","1681","151949","25093","53758","2642","0","0","5423",,"3971","13312","48027","48027","25093","151949","646","2642","592"
"2020-12-15","2402","2400","153971","25142","45817","2687","0","0","8074",,"4051","10649","58290","58290","25142","153971","748","2687","618"
"2020-12-16","2987","2990","156695","25287","54303","2738","0","0","7538",,"3436","10163","57050","57050","25287","156695","1108","2738","605"
"2020-12-17","3208","3206","159176","25629","62439","2782","0","0","7079",,"3467","11036","54158","54158","25629","159176","1078","2782","609"
"2020-12-18","2833","2832","161686","26064","56421","2827","0","0","6296",,"3088","9936","53239","53239","26064","161686","932","2827","598"
"2020-12-19","2972","3040","163702","26743","27049","2872","0","0","5530",,"1212","4584","42653","42653","26743","163702","1048","2872","593"
"2020-12-20","2391","2398","165873","26816","12282","2899","0","0","4450",,"1289","4167","18966","18966","26816","165873","1289","2899","603"
"2020-12-21","1776","1791","167693","27147","55650","2943","0","0","5433",,"4534","14235","53171","53171","27147","167693","1269","2943","620"
"2020-12-22","2665","2674","170458","26863","31110","2993","0","0","7371",,"3584","12463","61054","61054","26863","170458","1307","2993","619"
"2020-12-23","3258","3270","173205","27077","72258","3049","0","0","7074",,"3567","12780","64076","64076","27077","173205","1302","3049","644"
"2020-12-24","3714","3797","176103","28154","63512","3104","0","0","7856",,"2831","11416","59897","59897","28154","176103","1029","3104","644"
"2020-12-25","3813","3934","178482","29278","60261","3154","0","0","8330",,"2272","10649","60873","60873","29278","178482","1075","3154","654"
"2020-12-26","3694","3702","180882","30369","32677","3212","0","0","7110",,"1013","5568","50191","50191","30369","180882","1190","3212","659"
"2020-12-27","2939","2942","182947","31098","11963","3251","0","0","4901",,"662","4899","22489","22489","31098","182947","1290","3251","661"
"2020-12-28","2383","2397","185223","31694","74383","3305","0","0","6391",,"3071","14636","59001","59001","31694","185223","1308","3305","675"
"2020-12-29","3595","3609","187739","32477","24850","3348","0","0","6939",,"1398","9542","56610","56610","32477","187739","1414","3348","668"
"2020-12-30","3845","3884","189695","34037","21069","3413","0","0","5495",,"1236","7195","46993","46993","34037","189695","1473","3413","681"
"2020-12-31","4322","4500","191949","36052","39575","3459","0","0","4976",,"853","6375","26114","26114","36052","191949","1619","3459","716"
"2021-01-01","3106","3248","194650","37187","25072","3513","0","0","3799",,"829","4985","18692","18692","37187","194650","1360","3513","711"
"2021-01-02","3045","3057","196693","38031","8746","3547","0","0","4451",,"1069","6117","20213","20213","38031","196693","1343","3547","714"
"2021-01-03","3127","3139","198874","38729","20291","3598","0","0","3592",,"1795","8307","23404","23404","38729","198874","1293","3598","731"
"2021-01-04","3302","3330","201606","39905","84338","3654","0","0","6788",,"5791","20363","57970","57970","39905","201606","1050","3654","771"
"2021-01-05","4885","4958","205212","40908","88446","3718","0","0","8581",,"5264","18028","83265","83265","40908","205212","909","3718","784"
"2021-01-06","5946","6066","208621","43423","73967","3790","0","0","8966",,"4777","16814","77099","77099","43423","208621","1068","3790","796"
"2021-01-07","7537","7793","211900","46780","81440","3856","0","0","9259",,"4509","16982","75713","75713","46780","211900","1077","3856","826"
"2021-01-08","7844","8045","215527","51125","63373","3931","0","0","9592",,"4351","16270","79118","79118","51125","215527","914","3931","827"
"2021-01-09","7278","7528","218676","55238","35730","3995","0","0","6958",,"1445","8267","63017","63017","55238","218676","1085","3995","852"
"2021-01-10","6090","6130","221087","58622","24008","4043","0","0","6191",,"605","4473","26580","26580","58622","221087","1218","4043","864"
"2021-01-11","4851","4901","223509","61449","19942","4093","0","0","7732",,"1609","10687","32173","32173","61449","223509","1380","4093","881"
"2021-01-12","4521","4630","227174","62930","86551","4144","0","0","7518",,"6367","22082","76546","76546","62930","227174","1298","4144","900"
"2021-01-13","5841","6086","231747","63648","81255","4232","0","0","9736",,"5065","18423","87836","87836","63648","231747","1438","4232","920"
"2021-01-14","6598","6749","236545","65118","101255","4314","0","0","10399",,"4036","18095","90928","90928","65118","236545","1468","4314","934"
"2021-01-15","6741","6795","242041","66628","70610","4379","0","0","11856",,"4184","17591","89586","89586","66628","242041","1100","4379","965"
"2021-01-16","6987","7028","246537","68321","44662","4445","0","0","8850",,"1536","9847","69509","69509","68321","246537","1203","4445","972"
"2021-01-17","5751","5758","250833","69983","16038","4500","0","0","7212",,"866","6728","29515","29515","69983","250833","1164","4500","973"
"2021-01-18","4917","4947","255764","71129","80773","4547","0","23","8203",,"5313","22780","76874","76874","71129","255764","1267","4547","1001"
"2021-01-19","5300","5355","263026","69352","103313","4646","0","0","9927",,"4969","20505","82176","82176","69352","263026","1280","4646","1014"
"2021-01-20","5532","5643","271216","66436","86804","4742","0","0","9461",,"4379","19142","84019","84019","66436","271216","1222","4742","1014"
"2021-01-21","5662","5743","277225","66106","85769","4829","0","11","8796",,"4600","18845","79542","79542","66106","277225","1337","4829","1011"
"2021-01-22","4803","4821","283522","65152","101273","4934","0","0","8673",,"3690","17911","76310","76310","65152","283522","967","4934","1009"
"2021-01-23","4696","4711","288536","64535","37116","5018","0","13","7434",,"1601","10085","65109","65109","64535","288536","920","5018","1007"
"2021-01-24","3987","3988","293420","63663","18784","5083","0","0","4486",,"857","5757","23158","23158","63663","293420","956","5083","1017"
"2021-01-25","2761","2760","299514","60933","81941","5157","0","0","6371",,"4799","23414","76114","76114","60933","299514","836","5157","996"
"2021-01-26","3849","3851","306117","58007","66335","5251","0","0","9237",,"4530","19145","75611","75611","58007","306117","800","5251","1043"
"2021-01-27","3965","3968","312385","55515","90824","5360","0","0","8512",,"4635","19323","80710","80710","55515","312385","676","5360","1032"
"2021-01-28","4123","4122","318190","53532","64332","5450","0","0","7783",,"4459","18429","74701","74701","53532","318190","662","5450","1014"
"2021-01-29","3536","3547","323518","51764","82296","5544","0","0","6807",,"3859","18211","70240","70240","51764","323518","473","5544","974"
"2021-01-30","3332","3330","328391","50422","40425","5652","0","0","5063",,"1560","9176","52333","52333","50422","328391","471","5652","973"
"2021-01-31","2672","2673","332049","49430","17772","5720","0","0","3877",,"916","6092","21573","21573","49430","332049","451","5720","975"
"2021-02-01","1783","1782","337295","46319","67269","5792","0","0","4320",,"5459","22474","67030","67030","46319","337295","441","5792","937"
"2021-02-02","2329","2321","342045","43743","59110","5910","0","0","6963",,"4619","18800","68053","68053","43743","342045","499","5910","897"
"2021-02-03","2639","2648","347235","41028","68807","6018","0","0","5769",,"4200","17744","67066","67066","41028","347235","477","6018","892"
"2021-02-04","2573","2574","352368","38332","61902","6133","0","0","5132",,"3659","17321","60797","60797","38332","352368","393","6133","877"
"2021-02-05","2371","2371","356752","36288","71144","6241","0","0","5729",,"3924","16804","62263","62263","36288","356752","323","6241","815"
"2021-02-06","2274","2277","360108","34876","33043","6336","0","0","3712",,"1276","8896","46219","46219","34876","360108","280","6336","795"
"2021-02-07","1628","1627","363110","33400","18191","6393","0","0","2278",,"698","6067","16364","16364","33400","363110","296","6393","773"
"2021-02-08","1215","1215","366680","31536","58499","6474","0","0","3364",,"4800","21139","63715","63715","31536","366680","340","6474","759"
"2021-02-09","1569","1568","370398","29199","78153","6555","0","0","4377",,"4298","17288","62377","62377","29199","370398","401","6555","736"
"2021-02-10","1885","1885","373314","27889","65352","6676","0","0","5004",,"3757","16357","61973","61973","27889","373314","364","6676","713"
"2021-02-11","1691","1689","375872","26993","32865","6772","0","0","4052",,"902","6241","28198","28198","26993","375872","345","6772","701"
"2021-02-12","1297","1297","378414","25376","56650","6847","0","0","3107",,"4041","18742","60825","60825","25376","378414","696","6847","693"
"2021-02-13","1356","1355","380730","24489","30220","6910","0","0","3628",,"1307","9244","44156","44156","24489","380730","870","6910","668"
"2021-02-14","1362","1360","382938","23374","14716","6950","0","0","2699",,"602","6212","17310","17310","23374","382938","761","6950","658"
"2021-02-15","962","964","385577","22614","58421","7013","0","0","2652",,"6238","21463","64723","64723","22614","385577","681","7013","644"
"2021-02-16","1304","1305","389042","20331","59849","7100","0","0","4053",,"4366","18032","62619","62619","20331","389042","727","7100","607"
"2021-02-17","1444","1443","391321","19272","61138","7194","0","0","3768",,"4096","17117","61857","61857","19272","391321","726","7194","564"
"2021-02-18","1541","1540","393318","18870","54504","7272","0","0","3950",,"3800","15470","55785","55785","18870","393318","750","7272","547"
"2021-02-19","1281","1297","395114","18336","74955","7331","0","0","3254",,"3016","15478","59171","59171","18336","395114","639","7331","526"
"2021-02-20","1229","1228","396738","17841","31579","7415","0","0","2923",,"1092","8558","43707","43707","17841","396738","661","7415","511"
"2021-02-21","1032","1029","398066","17487","14683","7472","0","38","1819",,"631","5241","15549","15549","17487","398066","671","7472","510"
"2021-02-22","739","739","399624","16780","54180","7527","0","0","3010",,"4182","19134","58407","58407","16780","399624","642","7527","491"
"2021-02-23","1083","1078","401195","16109","18324","7582","0","0","3475",,"959","7019","31216","31216","16109","401195","632","7582","487"
"2021-02-24","926","923","403067","15313","54702","7645","0","0","2363",,"4719","18334","55132","55132","15313","403067","674","7645","472"
"2021-02-25","1075","1064","404392","14917","59234","7720","0","11","3133",,"3964","16142","57555","57555","14917","404392","740","7720","457"
"2021-02-26","1059","1057","405827","14463","57864","7805","0","1","3702",,"3669","16018","58588","58588","14463","405827","721","7805","440"
"2021-02-27","1208","1208","407124","14325","29196","7858","0","18","1890",,"1242","9077","43258","43258","14325","407124","726","7858","434"
"2021-02-28","994","994","408407","14013","19775","7885","0","0","1555",,"479","5083","13426","13426","14013","408407","706","7885","436"
"2021-03-01","685","684","409917","13134","60090","7931","0","0","2528",,"4806","21149","56574","56574","13134","409917","676","7931","413"
"2021-03-02","887","887","411132","12738","82324","7982","0","0","3120",,"4103","17208","57099","57099","12738","411132","689","7982","407"
"2021-03-03","1241","1240","412572","12380","30168","8050","0","0","3034",,"3874","15837","57843","57843","12380","412572","680","8050","398"
"2021-03-04","1168","1168","413818","12244","68856","8117","0","0","3069",,"3589","15165","56914","56914","12244","413818","705","8117","388"
"2021-03-05","1146","1145","415085","12120","45153","8176","0","0","2535",,"3405","16163","56037","56037","12120","415085","671","8176","375"
"2021-03-06","1048","1045","416050","12155","31058","8225","0","0","2505",,"1403","8700","42424","42424","12155","416050","679","8225","373"
"2021-03-07","1062","1061","417018","12154","14409","8251","0","0","1496",,"580","5031","13171","13171","12154","417018","721","8251","380"
"2021-03-08","599","599","418046","11734","67917","8297","0","0","1864",,"4622","20883","63416","63416","11734","418046","705","8296","381"
"2021-03-09","1126","1125","419201","11581","40237","8351","0","0","3100",,"4300","17491","55548","55548","11581","419201","693","8350","364"
"2021-03-10","1312","1309","420320","11648","60152","8400","0","0","2624",,"3726","19138","65062","65062","11648","420320","720","8400","354"
"2021-03-11","1316","1315","421391","11810","56851","8449","0","2","2581",,"3612","20633","67850","67850","11810","421391","719","8449","354"
"2021-03-12","1268","1268","422452","12058","55562","8507","0","0","3365",,"3636","22404","69723","69723","12058","422452","655","8507","337"
"2021-03-13","1316","1317","423426","12312","31295","8558","0","0","2388",,"1218","8485","51199","51199","12312","423426","656","8558","328"
"2021-03-14","984","982","424449","12279","17266","8588","0","0","1469",,"694","4944","15883","15883","12279","424449","660","8588","327"
"2021-03-15","688","688","425341","12128","49870","8620","0","1","2065",,"4438","20698","62816","62816","12128","425341","659","8620","337"
"2021-03-16","1130","1130","426539","11964","47776","8676","0","0","3312",,"4232","17558","69081","69081","11964","426539","736","8676","335"
"2021-03-17","1522","1520","427650","12217","84919","8715","0","0","3266",,"3930","16821","74284","74284","12217","427650","644","8715","325"
"2021-03-18","1492","1492","428677","12570","54899","8756","0","0","3393",,"3669","16728","76547","76547","12570","428677","696","8756","330"
"2021-03-19","1453","1453","429877","12849","71301","8788","0","0","3168",,"3707","16744","75859","75859","12849","429877","646","8788","332"
"2021-03-20","1516","1517","430898","13302","30658","8810","0","0","2891",,"929","5910","41569","41569","13302","430898","632","8810","324"
"2021-03-21","1110","1110","432017","13271","16997","8833","0","0","1672",,"752","5417","18213","18213","13271","432017","643","8833","324"
"2021-03-22","812","817","433099","13131","51469","8859","0","3","2740",,"4985","22522","80347","80347","13131","433099","661","8859","320"
"2021-03-23","1487","1485","434195","13325","52715","8906","0","0","4553",,"4188","18830","74081","74081","13325","434195","687","8906","328"
"2021-03-24","1924","1924","435429","13833","59974","8936","0","0","4057",,"3733","17527","79234","79234","13833","435429","661","8936","325"
"2021-03-25","1910","1914","436604","14571","62645","8965","0","0","3973",,"3310","22265","95822","95822","14571","436604","654","8965","323"
"2021-03-26","2013","2030","437918","15239","67296","8996","0","1","4478",,"3307","23882","86567","86567","15239","437918","632","8996","331"
"2021-03-27","2025","2073","438955","16162","39591","9028","0","0","4053",,"1290","8846","62312","62312","16162","438955","627","9028","341"
"2021-03-28","1753","1753","440085","16738","18887","9058","0","0","2641",,"602","5213","18794","18794","16738","440085","645","9058","342"
"2021-03-29","1300","1340","441351","17059","72179","9083","0","0","3303",,"4670","22513","63426","63426","17059","441351","647","9083","368"
"2021-03-30","2077","2077","442735","17535","41247","9110","0","0","5055",,"4395","20509","65873","65873","17535","442735","691","9110","382"
"2021-03-31","2831","2832","444121","18669","67435","9159","0","0","4226",,"3636","19317","64064","64064","18669","444121","719","9159","380"
"2021-04-01","2595","2598","445420","20100","65377","9182","0","0","4987",,"3640","18489","59294","59294","20100","445420","734","9182","394"
"2021-04-02","2741","2745","446781","21409","61146","9210","0","0","4988",,"3460","18908","60923","60923","21409","446781","675","9209","408"
"2021-04-03","2753","2755","448304","22499","41103","9218","0","0","4214",,"1464","10454","45826","45826","22499","448304","721","9217","431"
"2021-04-04","2451","2460","449835","23347","17189","9228","0","0","2855",,"854","6733","19970","19970","23347","449835","769","9227","445"
"2021-04-05","1554","1554","451727","23703","60274","9246","0","0","4204",,"4416","24191","62466","62466","23703","451727","793","9245","451"
"2021-04-06","2635","2654","453053","24360","53019","9276","0","0","5726",,"4349","20424","67134","67134","24360","453053","799","9275","456"
"2021-04-07","3456","3460","454710","25844","58424","9298","0","0","5322",,"3924","19374","65495","65495","25844","454710","842","9297","464"
"2021-04-08","3405","3457","456492","27362","70959","9331","0","0","5299",,"4038","19557","64838","64838","27362","456492","861","9330","483"
"2021-04-09","3467","3511","458645","28744","67609","9350","0","0","5458",,"3588","20149","66560","66560","28744","458645","898","9350","511"
"2021-04-10","3630","3742","461377","29558","40924","9379","0","0","4675",,"1551","10502","55049","55049","29558","461377","911","9379","520"
"2021-04-11","2758","2848","463547","30327","22466","9397","0","0","3185",,"1094","6856","23022","23022","30327","463547","991","9397","563"
"2021-04-12","2094","2098","466396","29885","72260","9422","0","0","4167",,"4766","26161","67545","67545","29885","466396","961","9422","596"
"2021-04-13","3444","3444","468621","30920","65278","9466","0","0","6681",,"4116","23828","77477","77477","30920","468621","1028","9466","608"
"2021-04-14","4302","4302","471170","32198","73092","9497","0","0","5767",,"4031","22456","79501","79501","32198","471170","1062","9497","631"
"2021-04-15","4570","4570","473345","34543","82330","9535","0","0","6323",,"3885","21359","82715","82715","34543","473345","1114","9535","670"
"2021-04-16","4519","4519","475966","36493","77966","9581","0","0","7023",,"3656","23698","85811","85811","36493","475966","975","9581","702"
"2021-04-17","4722","4791","478373","38600","50503","9619","0","0","5976",,"1270","12069","62647","62647","38600","478373","1077","9619","723"
"2021-04-18","4032","4089","480632","40425","30571","9638","0","0","4672",,"879","7560","28726","28726","40425","480632","1125","9638","738"
"2021-04-19","2893","2892","483631","40714","86696","9668","0","0","6437",,"5087","29656","82199","82199","40714","483631","1159","9668","769"
"2021-04-20","4328","4328","486479","41907","70951","9707","1","4","8661",,"4670","25842","91207","91207","41907","486479","1194","9707","791"
"2021-04-21","5280","5280","489177","44048","96428","9761","0","0","8631",,"4383","24110","91578","91578","44048","489177","1253","9761","805"
"2021-04-22","5452","5474","492392","46115","94257","9797","0","0","7442",,"3995","23602","101991","101991","46115","492392","1355","9797","816"
"2021-04-23","5094","5119","495734","48065","91286","9851","0","0","8704",,"3370","24998","104508","104508","48065","495734","1122","9851","837"
"2021-04-24","5433","5602","499095","49674","58221","9910","0","0","6987",,"1366","13644","85451","85451","49674","499095","1259","9910","864"
"2021-04-25","4434","4604","502221","51167","35886","9969","0","0","4512",,"909","7840","31312","31312","51167","502221","1330","9969","898"
"2021-04-26","3303","3303","505850","51606","83925","10001","0","0","6601",,"4781","30135","96298","96298","51606","505850","1393","10001","916"
"2021-04-27","4958","4958","509501","52439","81048","10052","0","0","8794",,"4410","26665","101166","101166","52439","509501","1404","10052","953"
"2021-04-28","5788","5788","512983","54098","68106","10104","0","0","8051",,"3210","25311","107528","107528","54098","512983","1623","10104","951"
"2021-04-29","5727","5895","516466","56169","91921","10191","0","0","7526",,"1120","10196","53202","53202","56169","516466","1718","10191","978"
"2021-04-30","4658","4658","520644","57119","64494","10226","0","0","6882",,"3335","29794","115451","115451","57119","520644","1431","10226","1020"
"2021-05-01","5813","5990","524642","58722","68323","10293","0","0","7320",,"1444","16289","78893","78893","58722","524642","1487","10293","1050"
"2021-05-02","5589","5882","528470","60156","36217","10358","0","0","6675",,"896","9962","40692","40692","60156","528470","1915","10358","1084"
"2021-05-03","4458","4458","532219","61292","44186","10416","0","17","7341",,"1418","11668","42368","42368","61292","532219","1887","10416","1083"
"2021-05-04","4072","4199","536321","61715","27746","10466","0","6","7273",,"1160","11689","40701","40701","61715","536321","2119","10466","1114"
"2021-05-05","3884","4055","539944","61716","67085","10513","0","0","6938",,"2393","13307","62787","62787","61716","539944","2308","10513","1098"
"2021-05-06","4315","4352","543410","62453","89586","10585","0","13","6929",,"6342","35210","90409","90409","62453","543410","2221","10585","1131"
"2021-05-07","6032","6032","548641","63315","109758","10698","0","0","9428",,"5076","30942","124258","124258","63315","548641","1669","10698","1131"
"2021-05-08","6985","7239","552740","64966","71001","10819","0","0","7938",,"1585","17388","101380","101380","64966","552740","2112","10819","1144"
"2021-05-09","6243","6491","556883","67038","41338","10872","0","1","6423",,"1086","9058","40024","40024","67038","556883","2853","10872","1152"
"2021-05-10","4925","4925","561452","68061","130677","10937","0","13","7646",,"6109","34293","106313","106313","68061","561452","2970","10937","1177"
"2021-05-11","6238","6237","565876","69255","97038","11060","0","0","11123",,"5066","28657","119528","119528","69255","565876","3114","11060","1189"
"2021-05-12","7057","7057","571211","70104","87073","11161","0","0","8891",,"5008","26860","127744","127744","70104","571211","3755","11161","1214"
"2021-05-13","6867","6866","576736","71144","122502","11251","0","0","8764",,"4898","26507","125962","125962","71144","576736","4041","11251","1209"
"2021-05-14","6269","6269","582055","72760","99676","11361","0","0","9375",,"3990","27340","130086","130086","72760","582055","3293","11361","1231"
"2021-05-15","6420","6420","587319","73424","66868","11459","0","0","7677",,"1563","15488","112196","112196","73424","587319","3417","11459","1223"
"2021-05-16","5247","5247","592451","73235","35948","11504","0","0","6843",,"1209","8892","42469","42469","73235","592451","3626","11504","1227"
"2021-05-17","3677","3676","599618","70565","95425","11587","0","0","7106",,"5909","33901","117807","117807","70565","599618","3683","11620","1235"
"2021-05-18","5229","5228","606339","68228","86352","11847","0","0","10136",,"5036","27099","112729","112729","68228","606339","4190","11848","1293"
"2021-05-19","5811","5811","612524","66835","149234","11936","0","0","9805",,"4789","25160","124694","124694","66835","612524","4517","11939","1288"
"2021-05-20","5711","5711","618796","66721","97287","12042","0","0","8125",,"4561","24467","123929","123929","66721","618796","4244","12049","1294"
"2021-05-21","5251","5250","625696","65752","117145","12148","0","0","9246",,"3647","24818","123760","123760","65752","625696","3594","12158","1303"
"2021-05-22","5034","5034","631273","64765","66583","12232","0","0","8135",,"1391","14142","98664","98664","64765","631273","3602","12246","1304"
"2021-05-23","4035","4035","637057","63968","35263","12308","0","0","5510",,"1032","8570","35460","35460","63968","637057","3267","12308","1300"
"2021-05-24","2711","2710","642319","61541","91616","12394","0","3","5996",,"5595","30329","104043","104043","61541","642319","3342","12394","1294"
"2021-05-25","3898","3896","647273","60260","70045","12493","0","20","8192",,"4861","25973","104269","104269","60260","647273","3195","12492","1413"
"2021-05-26","4526","4526","652354","59210","87089","12597","0","1","7887",,"4346","23159","119950","119950","59210","652354","3355","12597","1371"
"2021-05-27","4131","4131","656861","58515","116584","12710","0","0","6975",,"4413","22652","119213","119213","58515","656861","3452","12710","1375"
"2021-05-28","3706","3706","664062","56022","118523","12815","0","4","7080",,"4136","22440","112206","112206","56022","664062","2819","12816","1383"
"2021-05-29","3591","3587","668886","55439","57084","12916","0","0","5314",,"1359","11866","94551","94551","55439","668886","3066","12917","1347"
"2021-05-30","2876","2876","672990","53676","30097","12963","0","0","4474",,"898","7445","29978","29978","53676","672990","2643","12964","1349"
"2021-05-31","1786","1786","677733","51512","83703","13044","0","0","4390",,"4889","28618","90580","90580","51512","677733","2446","13045","1323"
"2021-06-01","2640","2640","682468","49400","67394","13136","0","0","5406",,"4556","22560","89040","89040","49400","682468","2778","13136","1284"
"2021-06-02","3030","3031","687720","46897","76590","13241","0","0","5383",,"4159","22279","94687","94687","46897","687720","2473","13241","1227"
"2021-06-03","2825","2825","692101","45419","176379","13360","0","28","4838",,"4407","21333","91338","91338","45419","692101","2494","13360","1198"
"2021-06-04","2586","2586","696828","43211","98297","13445","0","0","4321",,"4341","21449","90808","90808","43211","696828","1989","13445","1157"
"2021-06-05","2648","2648","700609","42051","54184","13519","0","0","3981",,"1826","11437","71853","71853","42051","700609","2134","13519","1131"
"2021-06-06","2017","2017","703716","40992","26466","13570","0","0","2275",,"1040","6607","22634","22634","40992","703716","2110","13570","1120"
"2021-06-07","1276","1276","707280","39005","75134","13641","0","0","3509",,"5096","28001","78629","78629","39005","707280","1956","13641","1099"
"2021-06-08","1884","1883","710871","37068","62141","13739","0","22","3937",,"5297","22364","79830","79830","37068","710871","1917","13739","1055"
"2021-06-09","2224","2224","714925","35268","63215","13837","0","0","3534",,"4893","21390","94034","94034","35268","714925","2120","13837","1015"
"2021-06-10","2044","2044","718300","33943","74713","13903","0","0","4625",,"4432","20506","95074","95074","33943","718300","1990","13903","942"
"2021-06-11","1935","1934","721837","32235","99850","13972","0","14","3954",,"4237","20187","90865","90865","32235","721837","1746","13972","890"
"2021-06-12","1941","1941","724762","31250","51297","14028","0","0","3208",,"1402","10358","68152","68152","31250","724762","1527","14028","852"
"2021-06-13","1384","1384","727478","30530","25059","14066","0","0","1972",,"822","6562","19718","19718","30530","727478","2148","14066","849"
"2021-06-14","930","930","730343","28228","60314","14121","0","0","2386",,"5230","26793","79627","79627","28228","730343","1608","14121","827"
"2021-06-15","1418","1418","733965","25809","61213","14182","0","10","3741",,"4773","22452","73192","73192","25809","733965","1526","14182","845"
"2021-06-16","1698","1697","737235","24317","65986","14264","0","28","2866",,"4353","20278","86586","86586","24317","737235","1704","14264","805"
"2021-06-17","1550","1550","739870","22969","70606","14315","0","0","3275",,"4268","18900","87382","87382","22969","739870","1481","14315","775"
"2021-06-18","1619","1619","743453","21134","69009","14360","0","0","3267",,"3850","19537","82687","82687","21134","743453","1555","14360","740"
"2021-06-19","1509","1509","745653","20257","43013","14395","0","0","2678",,"1343","10793","69906","69906","20257","745653","1484","14394","714"
"2021-06-20","1304","1304","747449","19778","31414","14418","0","0","1955",,"963","6869","22109","22109","19778","747449","1618","14417","721"
"2021-06-21","864","864","749446","18722","58844","14449","0","0","2293",,"5035","24478","74065","74065","18722","749446","1373","14449","697"
"2021-06-22","1432","1432","751347","18119","52614","14491","0","0","2941",,"4665","20918","72302","72302","18119","751347","1434","14491","646"
"2021-06-23","1775","1775","753300","17907","62348","14548","0","1","3108",,"4153","19794","85975","85975","17907","753300","1390","14548","629"
"2021-06-24","1669","1669","755178","17910","60420","14593","0","0","3146",,"3885","18781","93292","93292","17910","755178","1679","14593","590"
"2021-06-25","1705","1705","757227","17349","89659","14621","0","0","3469",,"3387","19483","95250","95250","17349","757227","1426","14621","577"
"2021-06-26","1611","1619","758887","17210","43145","14652","0","0","2430",,"1378","9766","75803","75803","17210","758887","1381","14652","567"
"2021-06-27","1280","1280","760339","17017","21138","14664","0","0","1481",,"971","6353","19576","19576","17017","760339","1315","14665","564"
"2021-06-28","989","989","761879","16531","62615","14700","0","0","2215",,"5439","25716","78171","78171","16531","761879","1285","14700","552"
"2021-06-29","1375","1376","763569","16159","61916","14735","0","0","3199",,"4540","21679","72625","72625","16159","763569","1343","14735","523"
"2021-06-30","1811","1810","765277","16272","67576","14776","0","0","3078",,"4003","19695","83654","83654","16272","765277","1468","14776","517"
"2021-07-01","1741","1741","766949","16249","77063","14797","0","2","3009",,"4082","18968","86873","86873","16249","766949","1342","14797","511"
"2021-07-02","1774","1773","768722","16192","67044","14819","0","0","2518",,"3981","19529","77112","77112","16192","768722","1334","14819","501"
"2021-07-03","1864","1864","770414","16350","38122","14837","0","0","1995",,"1533","10851","58062","58062","16350","770414","1342","14837","496"
"2021-07-04","1479","1479","771975","16199","17098","14843","0","21","1204",,"875","6629","17217","17217","16199","771975","1301","14843","491"
"2021-07-05","1021","1021","773568","15739","58706","14857","0","0","2354",,"5095","26276","71173","71173","15739","773568","1278","14857","481"
"2021-07-06","1658","1658","775406","15423","53956","14879","0","0","3498",,"4738","21820","65265","65265","15423","775406","1303","14879","480"
"2021-07-07","2182","2181","776910","16127","66486","14892","0","0","2805",,"4385","20054","72860","72860","16127","776910","1370","14892","464"
"2021-07-08","2239","2239","778510","16629","60703","14912","0","0","3285",,"3961","20399","76876","76876","16629","778510","1303","14912","441"
"2021-07-09","2260","2259","780323","17015","71192","14928","0","0","3500",,"4092","20674","76539","76539","17015","780323","1324","14928","428"
"2021-07-10","2452","2452","781868","17906","44123","14943","0","0","2629",,"1534","11317","56976","56976","17906","781868","1325","14943","425"
"2021-07-11","2022","2021","783457","18332","26094","14950","0","0","1707",,"1084","7046","20597","20597","18332","783457","1316","14950","432"
"2021-07-12","1492","1491","785001","18354","64222","14954","0","0","2377","25358","5673","26589","66410","91768","18354","785001","1300","14954","424"
"2021-07-13","2378","2377","786765","18873","103897","14966","0","0","3082","30454","4794","22184","65908","96362","18873","786765","1311","14966","412"
"2021-07-14","3172","3170","788604","20047","64174","14985","0","0","3925","40790","4537","21509","79181","119971","20047","788604","1428","14985","396"
"2021-07-15","3408","3408","790481","21555","67513","15009","0","0","3620","51814","4079","20687","82568","134382","21555","790481","1424","15009","376"
"2021-07-16","3419","3419","792221","23244","76436","15022","7","0","3808","48333","3978","21103","83698","132031","23244","792221","1380","15022","382"
"2021-07-17","3871","3871","794038","25121","43473","15035","10","17","2965","38234","1563","12475","65035","103269","25121","794038","1490","15035","378"
"2021-07-18","3093","3093","795892","26315","25835","15043","0","0","2487","30601","1200","7082","23581","54182","26315","795892","1531","15043","392"
"2021-07-19","2318","2318","798147","26612","68952","15055","2","0","3614","35979","4900","27862","77069","113048","26612","798147","1411","15055","406"
"2021-07-20","3743","3743","800470","27797","65964","15074","0","0","3965","44811","4410","23631","71973","116784","27797","800470","1471","15074","390"
"2021-07-21","4933","4933","802980","29973","69363","15092","0","0","5103","55999","4482","24285","88713","144712","29973","802980","1656","15092","392"
"2021-07-22","5387","5386","805185","33006","37605","15101","0","0","4442","45280","1283","10609","46945","92225","33006","805185","1715","15101","431"
"2021-07-23","4204","4204","807630","35017","50137","15110","0","0","3554","44962","1327","10052","36319","81281","35017","807630","1622","15110","436"
"2021-07-24","3576","3576","810765","35436","32099","15118","0","0","4138","44264","1996","17132","85162","129426","35436","810765","1640","15118","448"
"2021-07-25","5009","5008","813614","37223","17654","15123","0","18","3093","38820","1321","10600","30261","69081","37223","813614","1819","15123","466"
"2021-07-26","4661","4659","816865","38793","95137","15131","4","20","4384","39399","6500","36925","81869","121268","38793","816865","1828","15131","514"
"2021-07-27","7619","7619","820615","42267","92345","15145","0","3","5984","47623","5734","29290","92266","139889","42267","820615","1882","15145","522"
"2021-07-28",,"9568",,,"86528",,"0","0","6141","64759","5274","27021","99463","164222","47829","824070","2272","15153","539"
"2021-07-29",,"10687",,,"88769",,"0","0","7009","70883","4990","27344","103139","174022","54401","827784","2372","15166","626"
"2021-07-30",,"10728",,,"88920",,"0","0","7666","68157","5011","28937","104507","172664","61513","831650","2392","15177","667"
"2021-07-31",,"12328",,,"87700",,"0","0","7247","59488","1888","17951","88916","148404","69183","835921","2521","15185","691"
"2021-08-01",,"10160",,,"36604",,"0","0","4433","46872","1201","10240","35213","82085","75631","839455","2579","15190","704"
"2021-08-02",,"8324",,,"105130",,"0","0","5914","51917","6558","38228","103910","155827","79573","844529","2446","15197","754"
"2021-08-03",,"12061",,,"83159",,"0","0","8982","65523","5814","32581","107348","172871","86144","849241","2742","15212","777"
"2021-08-04",,"14202",,,"100583",,"0","0","9744","77758","4805","32544","115372","193130","93685","855088","3383","15221","823"
"2021-08-05",,"15247",,,"114844",,"0","0","8864","82086","4892","31081","112936","195022","102551","861398","3400","15233","1020"
"2021-08-06",,"15624",,,"112653",,"0","0","10095","80002","4601","32191","120758","200760","109705","870117","3070","15248","1068"
"2021-08-07",,"15740",,,"71501",,"0","0","8850","69785","2271","21282","101997","171782","117047","878196","3151","15266","1138"
"2021-08-08",,"14457",,,"41841",,"0","0","6559","54210","789","11850","46115","100325","123044","886500","3377","15273","1190"
"2021-08-09",,"12053",,,"28421",,"0","0","7746","45109","1813","15398","48546","93655","126268","895692","3309","15290","1230"
"2021-08-10",,"10565",,,"126671",,"0","0","6857","49534","6990","44045","119263","168797","126674","906303","3058","15304","1332"
"2021-08-11",,"15769",,,"128856",,"0","0","9829","72233","6321","36450","130243","202476","129956","917418","3665","15323","1404"
"2021-08-12",,"18894",,,"110733",,"0","19","10630","71302","5691","34782","133146","204448","137246","927344","4641","15351","1478"
"2021-08-13",,"20357",,,"134540",,"0","0","10138","66026","4965","33291","126069","192095","145674","939796","4165","15376","1521"
"2021-08-14",,"20132",,,"81455",,"0","0","9137","55045","2224","20635","98059","153104","153626","951787","4282","15393","1563"
"2021-08-15",,"17825",,,"62842",,"0","23","7323","34838","1454","13169","45145","79983","156406","964911","4515","15401","1603"
"2021-08-16",,"14824",,,"104174",,"0","0","8977","36303","7259","45761","122917","159220","157758","979128","4350","15424","1646"
"2021-08-17",,"19948",,,"118072",,"0","0","11355","59732","6882","41734","139696","199428","161699","993758","4948","15460","1716"
"2021-08-18",,"23910",,,"131491",,"0","0","11572","70183","6519","40955","153678","223861","168699","1008309","6171","15494","1765"
"2021-08-19",,"25140",,,"232366",,"1","0","11124","83323","5637","40781","155347","238670","181106","1020747","6618","15527","1816"
"2021-08-20",,"25852",,,"29228",,"0","0","12408","85805","6181","43645","165931","251736","193355","1033914","6112","15556","1888"
"2021-08-21",,"25460",,,"113293",,"0","0","11468","70379","2644","25701","134146","204525","203540","1048617","6418","15589","1891"
"2021-08-22",,"22271",,,"55312",,"0","0","10363","48582","1526","13730","59417","107999","211710","1062688","7244","15624","1898"
"2021-08-23",,"16839",,,"132921",,"0","0","10681","56124","7397","52628","149557","205681","209563","1083556","6214","15656","1935"
"2021-08-24",,"21557",,,"161737",,"0","1","13132","69713","6848","43684","159453","229166","212567","1099236","8268","15686","1964"
"2021-08-25",,"24308",,,"144846",,"0","0","12674","86636","6207","41229","161204","247840","217971","1114819","10888","15730","1974"
"2021-08-26",,"24964",,,"145404",,"0","22","11729","99123","6053","40040","167578","266701","225403","1132222","12277","15790","2000"
"2021-08-27",,"24182",,,"174004",,"0","0","12315","108264","5980","44752","164134","272398","229624","1150155","12408","15844","2060"
"2021-08-28",,"22730",,,"96889",,"0","0","9987","88302","2244","24478","136982","225284","231359","1169420","14384","15889","2070"
"2021-08-29",,"19300",,,"66549",,"0","0","7784","63879","1350","12383","52011","115890","231596","1187366","16290","15939","2075"
"2021-08-30",,"13621",,,"156779",,"0","22","9907","60414","7021","49298","139254","199668","215627","1227794","6939","15987","2110"
"2021-08-31",,"17701",,,"115429",,"0","0","11481","82034","6284","38761","146239","228273","208512","1250972","7705","16034","2092"
"2021-09-01",,"20024",,,"149209",,"0","0","11562","88099","5743","36537","146754","234853","205577","1274191","8369","16116","2158"
"2021-09-02",,"18210",,,"121059",,"0","0","9506","82923","5866","34003","133879","216802","204310","1292987","8227","16177","2221"
"2021-09-03",,"16724",,,"200328",,"0","0","10642","87011","5188","34978","131706","218717","199984","1315603","6970","16240","2223"
"2021-09-04",,"15996",,,"87381",,"0","0","8852","79178","2557","18400","100645","179823","191003","1339837","6931","16306","2207"
"2021-09-05",,"12890",,,"65385",,"0","0","7041","53774","1348","10275","45180","98954","184559","1360524","6824","16347","2198"
"2021-09-06",,"8223",,,"128204",,"0","0","5464","49521","7184","40659","108943","158464","177367","1377175","6854","16380","2209"
"2021-09-07",,"10586",,,"116508",,"0","0","8342","79317","5927","32628","118709","198026","165207","1400726","6255","16429","2211"
"2021-09-08",,"12382",,,"133893",,"0","0","6076","75112","10094","31462","121346","196458","157731","1420081","6137","16518","2173"
"2021-09-09",,"10378",,,"120520",,"0","20","5783","84923","5158","28643","114822","199745","150024","1438788","5894","16596","2125"
"2021-09-10",,"8865",,,"145673",,"0","0","6679","87214","5217","28959","114638","201852","140946","1457710","5028","16683","2057"
"2021-09-11",,"8788",,,"78105",,"0","0","5793","74784","1861","15202","84682","159466","133515","1474220","4713","16735","2010"
"2021-09-12",,"7204",,,"43656",,"0","19","3775",,"987","9205","27900","27900","123774","1491610","4620","16790","1975"
"2021-09-13",,"4161",,,"118563",,"0","0","3835",,"5963","34515","75376","75376","112159","1508363","4473","16839","1905"
"2021-09-14",,"6262",,,"100012",,"0","0","4260",,"4543","23569","74162","74162","104034","1522094","4765","16887","1834"
"2021-09-15",,"6799",,,"107105",,"0","0","4166",,"4668","25179","70635","70635","96586","1536029","4700","16952","1743"
"2021-09-16",,"5692",,,"96693",,"0","0","3726",,"3693","19156","60423","60423","90597","1547904","4706","17023","1615"
"2021-09-17",,"5091",,,"168867",,,,,,,,,,"83869","1560144","4142","17090","1559"
"2021-09-18",,"4692",,,"59277",,,,,,,,,,"77198","1571953","4003","17149","1496"