日付,国立感染症研究所,検疫所,地方衛生研究所・保健所,民間検査会社（主に行政検査）,大学等,医療機関,小計,民間検査会社（主に自費検査）,計
2020/2/18,472,75,398,0,79,,1024,,1024
2020/2/19,15,68,609,0,0,,692,,692
2020/2/20,20,15,758,0,0,,793,,793
2020/2/21,261,188,902,132,108,,1591,,1591
2020/2/22,341,127,677,2,19,,1166,,1166
2020/2/23,53,72,529,0,0,,654,,654
2020/2/24,22,103,460,17,0,,602,,602
2020/2/25,195,38,695,0,0,,928,,928
2020/2/26,267,19,970,149,0,,1405,,1405
2020/2/27,237,61,1101,0,0,,1399,,1399
2020/2/28,53,79,1369,102,0,,1603,,1603
2020/2/29,10,86,971,0,0,,1067,,1067
2020/3/1,0,22,544,116,0,,682,,682
2020/3/2,125,24,1038,15,0,,1202,,1202
2020/3/3,20,27,1718,11,0,,1776,,1776
2020/3/4,71,12,1398,7,0,,1488,,1488
2020/3/5,83,11,1579,5,0,,1678,,1678
2020/3/6,107,35,1786,5,62,68,2063,,2063
2020/3/7,18,13,1616,11,20,44,1722,,1722
2020/3/8,0,10,579,2,8,9,608,,608
2020/3/9,0,27,1072,4,97,48,1248,,1248
2020/3/10,8,57,1763,97,65,62,2052,,2052
2020/3/11,69,45,1537,81,70,83,1885,,1885
2020/3/12,86,128,1378,28,54,65,1739,,1739
2020/3/13,4,187,1163,37,75,98,1564,,1564
2020/3/14,153,238,1082,53,15,52,1593,,1593
2020/3/15,12,59,432,0,4,106,613,,613
2020/3/16,25,65,816,35,82,57,1080,,1080
2020/3/17,35,14,1548,63,63,56,1779,,1779
2020/3/18,16,59,1461,97,89,69,1791,,1791
2020/3/19,22,31,1449,86,91,66,1745,,1745
2020/3/20,0,51,1270,28,93,24,1466,,1466
2020/3/21,0,40,696,121,28,13,898,,898
2020/3/22,4,83,688,0,42,40,857,,857
2020/3/23,0,20,1136,37,119,80,1392,,1392
2020/3/24,2,47,1973,84,119,102,2327,,2327
2020/3/25,0,29,1571,142,101,66,1909,,1909
2020/3/26,0,17,1721,152,164,95,2149,,2149
2020/3/27,30,12,1774,196,166,87,2265,,2265
2020/3/28,0,16,2049,273,156,32,2526,,2526
2020/3/29,326,62,1326,272,94,29,2109,,2109
2020/3/30,456,97,1665,540,258,183,3199,,3199
2020/3/31,0,207,3037,399,252,187,4082,,4082
2020/4/1,0,46,2870,486,354,340,4096,,4096
2020/4/2,0,131,3544,719,409,267,5070,,5070
2020/4/3,186,496,3536,786,537,191,5732,,5732
2020/4/4,517,590,3179,1183,384,68,5921,,5921
2020/4/5,288,702,2021,496,145,47,3699,,3699
2020/4/6,338,627,2769,782,650,303,5469,,5469
2020/4/7,357,685,4152,1338,641,203,7376,,7376
2020/4/8,414,805,4110,1850,589,296,8064,,8064
2020/4/9,287,940,4541,1663,549,338,8318,,8318
2020/4/10,344,650,4730,1565,676,345,8310,,8310
2020/4/11,351,683,4678,1442,369,91,7614,,7614
2020/4/12,326,833,2835,287,50,81,4412,,4412
2020/4/13,103,819,3202,1739,742,419,7024,,7024
2020/4/14,205,939,5492,1493,701,375,9205,,9205
2020/4/15,83,694,5473,1972,572,430,9224,,9224
2020/4/16,0,703,5617,1718,558,320,8916,,8916
2020/4/17,135,846,5490,2112,650,400,9633,,9633
2020/4/18,8,778,4845,2737,202,138,8708,,8708
2020/4/19,125,834,3500,52,42,92,4645,,4645
2020/4/20,0,425,3305,2220,708,484,7142,,7142
2020/4/21,0,668,4744,2086,1012,345,8855,,8855
2020/4/22,65,358,5315,2512,806,356,9412,,9412
2020/4/23,144,521,5464,2389,945,320,9783,,9783
2020/4/24,73,687,4924,2635,1185,453,9957,,9957
2020/4/25,148,795,4352,2700,315,167,8477,,8477
2020/4/26,0,732,2983,433,67,99,4314,,4314
2020/4/27,0,592,3135,2264,960,499,7450,,7450
2020/4/28,57,711,4958,2927,946,478,10077,,10077
2020/4/29,0,636,4146,2213,196,142,7333,,7333
2020/4/30,52,591,3317,2902,956,527,8345,,8345
2020/5/1,68,706,4582,2731,1025,526,9638,,9638
2020/5/2,165,805,3992,3354,381,274,8971,,8971
2020/5/3,70,692,3047,666,274,295,5044,,5044
2020/5/4,217,366,2558,1540,395,280,5356,,5356
2020/5/5,266,406,2448,1386,391,277,5174,,5174
2020/5/6,244,399,2157,1203,367,293,4663,,4663
2020/5/7,224,487,2689,3285,1012,500,8197,,8197
2020/5/8,115,425,3851,3479,1156,528,9554,,9554
2020/5/9,106,581,3458,3810,390,302,8647,,8647
2020/5/10,52,648,2088,566,160,148,3662,,3662
2020/5/11,23,633,2066,2731,1250,668,7371,,7371
2020/5/12,27,692,3387,3237,1201,556,9100,,9100
2020/5/13,24,231,3179,4021,997,450,8902,,8902
2020/5/14,3,525,2936,3590,1011,491,8556,,8556
2020/5/15,8,578,2741,3299,1190,472,8288,,8288
2020/5/16,94,658,2399,2891,363,232,6637,,6637
2020/5/17,10,732,1340,526,143,149,2900,,2900
2020/5/18,0,482,1486,2794,1273,629,6664,,6664
2020/5/19,12,643,2185,3124,1114,541,7619,,7619
2020/5/20,10,360,2056,2999,881,401,6707,,6707
2020/5/21,9,513,1791,2744,919,444,6420,,6420
2020/5/22,8,506,1460,2413,1006,435,5828,,5828
2020/5/23,9,597,1301,2217,266,204,4594,,4594
2020/5/24,0,645,735,449,60,120,2009,,2009
2020/5/25,0,449,867,1899,1248,590,5053,,5053
2020/5/26,17,706,1541,2312,1031,542,6149,,6149
2020/5/27,2,503,1416,3002,903,505,6331,,6331
2020/5/28,13,595,1395,2784,951,537,6275,,6275
2020/5/29,1,592,1293,2838,1085,520,6329,,6329
2020/5/30,18,858,1249,2610,348,259,5342,,5342
2020/5/31,0,1252,702,417,260,115,2746,,2746
2020/6/1,0,748,867,2004,1175,791,5585,,5585
2020/6/2,13,886,1625,2866,1030,633,7053,,7053
2020/6/3,132,770,1556,3330,966,587,7341,,7341
2020/6/4,82,709,1498,3355,940,543,7127,,7127
2020/6/5,99,969,1737,3507,1166,568,8046,,8046
2020/6/6,0,1045,1401,3611,299,256,6612,,6612
2020/6/7,0,1098,772,515,46,122,2553,,2553
2020/6/8,0,719,808,2788,1244,793,6352,,6352
2020/6/9,28,827,1528,4515,956,631,8485,,8485
2020/6/10,0,672,1388,4065,1021,572,7718,,7718
2020/6/11,0,802,1289,3651,1013,557,7312,,7312
2020/6/12,42,1061,1286,3668,1355,559,7971,,7971
2020/6/13,41,1183,1148,3952,394,272,6990,,6990
2020/6/14,0,1205,635,457,68,153,2518,,2518
2020/6/15,3,878,598,3380,1256,757,6872,,6872
2020/6/16,0,871,1339,4009,1040,577,7836,,7836
2020/6/17,40,771,1150,4244,963,493,7661,,7661
2020/6/18,86,838,997,3948,939,631,7439,,7439
2020/6/19,3,1173,966,3478,1278,628,7526,,7526
2020/6/20,0,1155,1041,3471,306,302,6275,,6275
2020/6/21,0,1440,477,1568,39,177,3701,,3701
2020/6/22,0,993,537,4579,1313,837,8259,,8259
2020/6/23,80,818,1054,3651,1069,643,7315,,7315
2020/6/24,25,794,1024,4805,1111,585,8344,,8344
2020/6/25,0,1064,1084,3613,1061,636,7458,,7458
2020/6/26,3,1239,1132,3539,1226,677,7816,,7816
2020/6/27,0,1117,1195,3708,437,352,6809,,6809
2020/6/28,0,1335,743,1191,44,162,3475,,3475
2020/6/29,0,893,920,3052,1378,991,7234,,7234
2020/6/30,23,742,1346,4447,1471,728,8757,,8757
2020/7/1,0,1058,1406,5224,1207,698,9593,,9593
2020/7/2,0,1181,1326,4560,1200,781,9048,,9048
2020/7/3,0,1163,1779,5314,1388,795,10439,,10439
2020/7/4,0,1359,1776,6051,508,415,10109,,10109
2020/7/5,0,1733,1344,1253,106,265,4701,,4701
2020/7/6,0,1046,1275,6094,1669,1111,11195,,11195
2020/7/7,6,1217,2218,8065,1384,841,13731,,13731
2020/7/8,0,1173,2323,6783,1481,787,12547,,12547
2020/7/9,0,1033,2239,6477,1371,757,11877,,11877
2020/7/10,0,1603,2455,6594,1682,882,13216,,13216
2020/7/11,0,1645,2279,7438,558,430,12350,,12350
2020/7/12,0,1440,1475,2234,155,227,5531,,5531
2020/7/13,0,903,1402,8104,1994,1211,13614,,13614
2020/7/14,0,1126,3520,8317,1603,1061,15627,,15627
2020/7/15,81,1071,3508,9671,1522,1029,16882,,16882
2020/7/16,85,1097,3960,8853,1561,1094,16650,,16650
2020/7/17,36,1682,4147,9605,1735,1144,18349,,18349
2020/7/18,0,1344,3571,9700,518,597,15730,,15730
2020/7/19,0,1627,2521,2141,188,291,6768,,6768
2020/7/20,3,881,2928,9356,1676,1478,16322,,16322
2020/7/21,36,1002,4656,10540,1565,1266,19065,,19065
2020/7/22,0,1066,4989,12940,2041,1356,22392,,22392
2020/7/23,121,1083,4719,7098,414,639,14074,,14074
2020/7/24,0,1237,3796,4053,206,646,9938,,9938
2020/7/25,0,1331,3941,8615,848,1062,15797,,15797
2020/7/26,0,1492,4112,3123,217,461,9405,,9405
2020/7/27,0,935,4151,9954,2314,1811,19165,,19165
2020/7/28,0,1142,6385,11370,2212,1619,22728,,22728
2020/7/29,0,528,6470,14260,2014,1665,24937,,24937
2020/7/30,0,539,6224,15273,1801,1693,25530,,25530
2020/7/31,75,1006,6314,15897,2138,1693,27123,,27123
2020/8/1,8,630,6277,14482,752,874,23023,,23023
2020/8/2,0,751,4162,3246,257,543,8959,,8959
2020/8/3,0,0,5173,16980,2785,1938,26876,,26876
2020/8/4,0,0,8061,14627,2148,1879,26715,,26715
2020/8/5,82,46,6736,15407,1963,1570,25804,,25804
2020/8/6,0,5,7211,18372,1839,3510,30937,,30937
2020/8/7,0,30,7077,15918,1203,2636,26864,,26864
2020/8/8,0,13,5909,16354,560,1085,23921,,23921
2020/8/9,0,0,5203,3546,388,795,9932,,9932
2020/8/10,0,1,4478,3951,1100,1760,11290,,11290
2020/8/11,0,0,4594,14021,1793,3459,23867,,23867
2020/8/12,0,107,5805,15264,2152,3694,27022,,27022
2020/8/13,0,0,5738,14942,1977,3437,26094,,26094
2020/8/14,83,0,5230,14150,1224,2579,23266,,23266
2020/8/15,0,5,5378,13607,554,1212,20756,,20756
2020/8/16,0,39,3392,2687,831,1400,8349,,8349
2020/8/17,0,11,3193,14606,2303,4247,24360,,24360
2020/8/18,36,4,5631,15884,2322,3469,27346,,27346
2020/8/19,0,77,5505,16463,2412,3725,28182,,28182
2020/8/20,20,37,4940,17632,2397,3643,28669,,28669
2020/8/21,37,10,5459,16451,1418,2714,26089,,26089
2020/8/22,0,1,5020,14854,655,1263,21793,,21793
2020/8/23,0,34,2847,2983,765,1433,8062,,8062
2020/8/24,0,3,3123,6599,2482,3454,15661,,15661
2020/8/25,0,0,4740,14602,2291,3512,25145,,25145
2020/8/26,0,111,4611,16481,2496,3488,27187,,27187
2020/8/27,27,0,5183,16751,2071,3412,27444,,27444
2020/8/28,0,0,4075,17444,1823,2517,25859,,25859
2020/8/29,0,0,4678,15479,671,1171,21999,,21999
2020/8/30,0,24,2805,2615,813,1419,7676,,7676
2020/8/31,0,0,2948,16133,2714,4578,26373,,26373
2020/9/1,20,0,4371,13503,2546,4508,24948,,24948
2020/9/2,42,44,4101,16184,2019,3825,26215,,26215
2020/9/3,0,5,4137,15158,2106,3708,25114,,25114
2020/9/4,0,39,3684,16915,1540,2356,24534,,24534
2020/9/5,0,0,3399,13368,751,1180,18698,,18698
2020/9/6,0,43,1643,2362,455,1609,6112,,6112
2020/9/7,0,0,1610,10277,2197,3364,17448,,17448
2020/9/8,16,0,3335,13692,1691,3740,22474,,22474
2020/9/9,20,36,3475,14788,2183,3481,23983,,23983
2020/9/10,26,12,3226,14808,1993,3399,23464,,23464
2020/9/11,75,42,3531,13467,1514,2593,21222,,21222
2020/9/12,0,0,3143,13793,601,1136,18673,,18673
2020/9/13,0,44,1879,2424,2169,1546,8062,,8062
2020/9/14,0,0,2158,13993,2370,3638,22159,,22159
2020/9/15,17,0,3602,14044,2223,3685,23571,,23571
2020/9/16,26,0,3606,15253,1624,3621,24130,,24130
2020/9/17,0,7,2795,13829,577,3370,20578,,20578
2020/9/18,0,0,2071,13310,748,2556,18685,,18685
2020/9/19,0,0,1839,12153,1327,1251,16570,,16570
2020/9/20,0,0,1402,3672,307,916,6297,,6297
2020/9/21,0,0,1720,3560,452,961,6693,,6693
2020/9/22,0,0,1262,2941,820,1674,6697,,6697
2020/9/23,0,0,1909,10618,3218,5365,21110,,21110
2020/9/24,0,1,2387,15704,2770,4453,25315,,25315
2020/9/25,0,0,2876,16578,1779,2819,24052,,24052
2020/9/26,0,0,2291,14873,691,1132,18987,,18987
2020/9/27,0,0,1582,3220,701,1611,7114,,7114
2020/9/28,0,0,1772,15712,2256,3849,23589,,23589
2020/9/29,0,0,2784,13688,2598,4386,23456,,23456
2020/9/30,0,0,2475,15422,2422,4118,24437,,24437
2020/10/1,0,0,2567,13719,2536,3941,22763,,22763
2020/10/2,0,4,2589,13409,1816,2798,20616,,20616
2020/10/3,0,0,2032,12398,732,1449,16611,,16611
2020/10/4,0,0,1499,3333,695,1808,7335,,7335
2020/10/5,0,0,1468,10477,2057,4633,18635,,18635
2020/10/6,0,0,2642,13057,2427,4935,23061,,23061
2020/10/7,0,0,2643,15165,2458,4435,24701,,24701
2020/10/8,29,0,2403,14212,2407,4429,23480,,23480
2020/10/9,0,0,2627,13489,1778,3451,21345,,21345
2020/10/10,0,1,2331,13270,488,1424,17514,,17514
2020/10/11,0,0,1295,3304,772,1844,7215,,7215
2020/10/12,0,0,1391,12301,3121,5851,22664,,22664
2020/10/13,0,1,2727,13400,2532,5019,23679,,23679
2020/10/14,21,1,2250,15080,2465,4589,24406,,24406
2020/10/15,8,0,2425,13604,2337,4510,22884,,22884
2020/10/16,21,2,2400,14001,1802,3553,21779,,21779
2020/10/17,0,0,2425,12952,682,1536,17595,,17595
2020/10/18,0,0,1424,2851,713,1808,6796,,6796
2020/10/19,0,0,1785,10376,3123,5644,20928,,20928
2020/10/20,0,0,2559,13319,2597,5389,23864,,23864
2020/10/21,0,1,2502,14708,2391,5240,24842,,24842
2020/10/22,0,0,2350,14285,2767,4978,24380,,24380
2020/10/23,0,0,2585,14568,1855,3896,22904,,22904
2020/10/24,0,0,2040,12973,774,1456,17243,,17243
2020/10/25,0,0,1651,2559,1194,2035,7439,,7439
2020/10/26,0,0,1725,11328,2968,6149,22170,,22170
2020/10/27,0,0,2502,15189,2697,5447,25835,,25835
2020/10/28,0,0,2340,15834,2530,4870,25574,,25574
2020/10/29,0,0,2302,13390,2477,4782,22951,,22951
2020/10/30,0,3,2852,15163,1745,3524,23287,,23287
2020/10/31,41,0,2753,14078,1374,2863,21109,,21109
2020/11/1,0,0,1689,6009,675,2109,10482,,10482
2020/11/2,0,0,1567,12690,2026,4912,21195,,21195
2020/11/3,0,0,2379,9263,950,2768,15360,,15360
2020/11/4,86,0,2232,12989,3250,6906,25463,,25463
2020/11/5,0,0,2471,16088,3135,6115,27809,,27809
2020/11/6,67,0,2718,18337,1819,5163,28104,,28104
2020/11/7,0,0,2831,16714,659,2006,22210,,22210
2020/11/8,0,0,2551,4176,683,2259,9669,,9669
2020/11/9,0,0,2179,17370,3416,7841,30806,,30806
2020/11/10,18,7,3802,19122,2660,6398,32007,,32007
2020/11/11,71,0,3718,19637,2780,6706,32912,,32912
2020/11/12,0,0,4115,18714,2634,6443,31906,,31906
2020/11/13,0,0,4504,19599,2226,5621,31950,,31950
2020/11/14,0,0,4461,18567,681,2488,26197,,26197
2020/11/15,0,0,2863,4994,886,2798,11541,,11541
2020/11/16,0,0,3810,18474,3442,9967,35693,,35693
2020/11/17,0,0,5343,24457,2998,8233,41031,,41031
2020/11/18,28,0,5115,24925,3140,7613,40821,,40821
2020/11/19,20,0,5432,24714,3094,7753,41013,,41013
2020/11/20,41,0,5074,28613,2200,7231,43159,,43159
2020/11/21,0,4,4767,24183,706,3941,33601,,33601
2020/11/22,0,0,3345,7409,292,1825,12871,,12871
2020/11/23,0,0,4210,6011,1107,4331,15659,,15659
2020/11/24,0,0,4442,19997,3794,11026,39259,,39259
2020/11/25,0,0,6314,30143,3296,8633,48386,,48386
2020/11/26,0,0,6170,29790,2973,8378,47311,,47311
2020/11/27,0,0,6460,26664,2205,7118,42447,,42447
2020/11/28,0,0,5069,23965,945,3418,33397,,33397
2020/11/29,0,0,3994,7068,845,3473,15380,,15380
2020/11/30,0,0,4309,24335,3574,10976,43194,,43194
2020/12/1,0,0,5230,28220,3291,9318,46059,,46059
2020/12/2,0,0,6034,27674,3259,9910,46877,,46877
2020/12/3,0,0,5531,26879,3258,9386,45054,,45054
2020/12/4,0,0,5323,27914,2494,8109,43840,,43840
2020/12/5,0,0,5239,24821,718,3761,34539,,34539
2020/12/6,0,0,3728,6998,774,3320,14820,,14820
2020/12/7,0,0,4786,25818,4059,12126,46789,,46789
2020/12/8,0,0,5817,29087,3535,10383,48822,,48822
2020/12/9,0,0,6781,31415,3413,10042,51651,,51651
2020/12/10,0,0,7310,29496,3052,10045,49903,,49903
2020/12/11,0,0,7859,33159,2537,9547,53102,,53102
2020/12/12,0,0,6115,30485,1139,4431,42170,,42170
2020/12/13,0,0,5422,7734,941,4004,18101,,18101
2020/12/14,0,0,5423,25321,3982,13626,48352,,48352
2020/12/15,0,0,8116,35516,4130,10858,58620,,58620
2020/12/16,0,0,7588,35913,3441,10339,57281,,57281
2020/12/17,0,0,7106,32576,3468,11181,54331,,54331
2020/12/18,0,0,6418,33919,3092,10496,53925,,53925
2020/12/19,0,0,5572,31327,1224,4987,43110,,43110
2020/12/20,0,0,4515,9060,1288,4151,19014,,19014
2020/12/21,0,0,5462,28969,4540,14846,53817,,53817
2020/12/22,0,0,7450,37636,3708,13057,61851,,61851
2020/12/23,0,0,7151,40655,3587,12880,64273,,64273
2020/12/24,0,0,7948,37794,2838,11513,60093,,60093
2020/12/25,0,0,8378,39622,2356,10837,61193,,61193
2020/12/26,0,0,7169,36500,1012,5722,50403,,50403
2020/12/27,0,0,4978,12027,660,4849,22514,,22514
2020/12/28,0,0,6439,34903,3073,15054,59469,,59469
2020/12/29,0,0,6939,38731,1398,10050,57118,,57118
2020/12/30,0,0,5583,33067,1245,7209,47104,,47104
2020/12/31,0,0,5030,13910,900,6387,26227,,26227
2021/1/1,0,0,3799,9079,873,5025,18776,,18776
2021/1/2,0,0,4502,8576,1088,6181,20347,,20347
2021/1/3,0,0,3632,9710,1828,8287,23457,,23457
2021/1/4,0,0,6814,25028,5699,20801,58342,,58342
2021/1/5,0,0,8663,51392,5424,18516,83995,,83995
2021/1/6,0,0,9076,46542,4773,17215,77606,,77606
2021/1/7,0,0,9278,44963,4536,17219,75996,,75996
2021/1/8,0,0,9611,48905,4353,16856,79725,,79725
2021/1/9,0,0,7281,46347,1444,8172,63244,,63244
2021/1/10,0,0,6267,15311,606,4486,26670,,26670
2021/1/11,0,0,7918,12145,1616,10564,32243,,32243
2021/1/12,0,0,7605,40579,6556,22520,77260,,77260
2021/1/13,0,0,9901,54612,5258,18513,88284,,88284
2021/1/14,0,0,10459,58398,4091,18313,91261,,91261
2021/1/15,0,0,12042,55955,4200,17742,89939,,89939
2021/1/16,0,0,8955,49276,1666,10069,69966,,69966
2021/1/17,0,0,7289,14709,874,6774,29646,,29646
2021/1/18,0,23,8278,40555,5342,23013,77211,,77211
2021/1/19,0,0,10021,46775,5133,20729,82658,,82658
2021/1/20,0,0,9612,51037,4395,19292,84336,,84336
2021/1/21,0,11,8932,47290,4611,18827,79671,,79671
2021/1/22,0,0,8816,46036,3785,17889,76526,,76526
2021/1/23,0,13,7556,45976,1719,10071,65335,,65335
2021/1/24,0,0,4543,12058,857,5717,23175,,23175
2021/1/25,0,0,6412,41530,4878,23417,76237,,76237
2021/1/26,0,0,9335,42699,4762,18969,75765,,75765
2021/1/27,0,0,8555,48240,4703,19335,80833,,80833
2021/1/28,0,0,7944,44030,4575,18125,74674,,74674
2021/1/29,0,0,6807,41363,3872,18332,70374,,70374
2021/1/30,0,0,5127,36534,1582,9173,52416,,52416
2021/1/31,0,0,3911,10688,924,6123,21646,,21646
2021/2/1,0,0,4396,34777,5533,22878,67584,,67584
2021/2/2,0,0,7032,37671,4806,19338,68847,,68847
2021/2/3,0,0,5784,39353,4244,17931,67312,,67312
2021/2/4,0,0,5154,34685,3669,17496,61004,,61004
2021/2/5,0,0,5752,35806,3947,16964,62469,,62469
2021/2/6,0,0,3712,32335,1293,9065,46405,,46405
2021/2/7,0,0,2288,7321,703,6112,16424,,16424
2021/2/8,0,0,3382,34412,4920,21362,64076,,64076
2021/2/9,0,0,4394,36414,4382,17524,62714,,62714
2021/2/10,0,0,5074,36855,3775,16424,62128,,62128
2021/2/11,0,0,4082,17003,960,6243,28288,,28288
2021/2/12,0,0,3205,34935,4049,18795,60984,,60984
2021/2/13,0,0,3658,29977,1314,9284,44233,,44233
2021/2/14,0,0,2718,7797,612,6230,17357,,17357
2021/2/15,0,0,2671,34370,4963,21623,63627,,63627
2021/2/16,0,0,4070,36168,4384,18176,62798,,62798
2021/2/17,0,0,3856,36876,4125,17133,61990,,61990
2021/2/18,0,0,4084,32565,3900,15430,55979,,55979
2021/2/19,0,0,3289,37423,3143,15603,59458,,59458
2021/2/20,0,0,3123,31134,1142,8526,43925,,43925
2021/2/21,0,38,1837,7820,640,5253,15588,,15588
2021/2/22,0,0,3026,32081,4195,19380,58682,,58682
2021/2/23,0,0,3496,19763,962,7085,31306,,31306
2021/2/24,0,0,2395,29716,4737,21657,58505,,58505
2021/2/25,0,11,3159,34305,3984,19331,60790,,60790
2021/2/26,0,1,3710,35198,3675,20748,63332,,63332
2021/2/27,0,18,1933,31031,1245,8142,42369,,42369
2021/2/28,0,0,1592,6309,492,5069,13462,,13462
2021/3/1,0,0,2605,28091,4775,21379,56850,,56850
2021/3/2,0,0,3147,32668,4165,17433,57413,,57413
2021/3/3,0,0,3061,35098,3890,15940,57989,,57989
2021/3/4,0,0,3099,35091,3600,15318,57108,,57108
2021/3/5,0,0,2553,33934,3406,16393,56286,,56286
2021/3/6,0,0,2522,29816,1407,8785,42530,,42530
2021/3/7,0,0,1502,6064,590,5050,13206,,13206
2021/3/8,0,0,1870,36047,4641,21120,63678,,63678
2021/3/9,0,0,3119,30657,4321,17815,55912,,55912
2021/3/10,0,0,2645,39574,3739,19288,65246,,65246
2021/3/11,0,2,2616,41022,3633,19686,66959,,66959
2021/3/12,0,0,3375,40318,3655,22562,69910,,69910
2021/3/13,0,0,2490,39108,1224,8446,51268,,51268
2021/3/14,0,0,1477,8776,708,4994,15955,,15955
2021/3/15,0,1,2098,35614,4459,21020,63192,,63192
2021/3/16,0,0,3336,43979,4251,17796,69362,,69362
2021/3/17,0,0,3294,50267,3952,16941,74454,,74454
2021/3/18,0,0,3425,52757,3691,16885,76758,,76758
2021/3/19,0,0,3179,52240,3732,16950,76101,,76101
2021/3/20,0,0,2923,31839,937,5987,41686,,41686
2021/3/21,0,0,1694,10372,771,5460,18297,,18297
2021/3/22,0,3,2780,50097,5005,22780,80665,,80665
2021/3/23,0,0,4570,46510,4211,19065,74356,,74356
2021/3/24,0,0,4078,53917,3758,17715,79468,,79468
2021/3/25,0,0,3999,66274,3365,22301,95939,,95939
2021/3/26,0,1,4519,54899,3315,23983,86717,,86717
2021/3/27,0,0,4096,48123,1255,8916,62390,,62390
2021/3/28,0,0,2700,10338,692,5216,18946,,18946
2021/3/29,0,0,3356,32940,4702,22728,63726,,63726
2021/3/30,0,0,5117,35914,4419,20752,66202,,66202
2021/3/31,0,0,4289,36885,3664,19332,64170,,64170
2021/4/1,0,0,5038,32178,3671,18575,59462,,59462
2021/4/2,0,0,5039,33567,3495,19055,61156,,61156
2021/4/3,0,0,4276,29694,1481,10369,45820,,45820
2021/4/4,0,0,2941,9528,869,6720,20058,,20058
2021/4/5,0,0,4273,29655,4450,24389,62767,,62767
2021/4/6,0,0,5782,36635,4462,20622,67501,,67501
2021/4/7,0,0,5395,36875,3961,19469,65700,,65700
2021/4/8,0,0,5364,35944,4069,19683,65060,,65060
2021/4/9,0,0,5531,37365,3611,20260,66767,,66767
2021/4/10,0,0,4732,38321,1659,10624,55336,,55336
2021/4/11,0,0,3307,11887,1110,6785,23089,,23089
2021/4/12,0,0,4228,32451,4797,26398,67874,,67874
2021/4/13,0,0,6752,42852,4139,24003,77746,,77746
2021/4/14,0,0,5844,47247,4066,22591,79748,,79748
2021/4/15,0,0,6394,51148,3904,21436,82882,,82882
2021/4/16,0,0,7094,51434,3672,23839,86039,,86039
2021/4/17,0,0,6050,43332,1282,12152,62816,,62816
2021/4/18,0,0,4842,15615,893,7452,28802,,28802
2021/4/19,0,0,6515,41019,5121,30082,82737,,82737
2021/4/20,1,4,8661,52029,4707,25650,91052,,91052
2021/4/21,0,0,8703,54454,4408,24263,91828,,91828
2021/4/22,0,0,7513,66952,4022,23680,102167,,102167
2021/4/23,0,0,8775,67436,3390,25149,104750,,104750
2021/4/24,0,0,7059,63454,1379,13741,85633,,85633
2021/4/25,0,0,4582,18051,922,7838,31393,,31393
2021/4/26,0,0,6669,54781,4821,30378,96649,,96649
2021/4/27,0,0,8866,61297,4442,26828,101433,,101433
2021/4/28,0,0,8121,70956,3232,25428,107737,,107737
2021/4/29,0,0,7593,34360,1134,10156,53243,,53243
2021/4/30,0,0,6949,75440,3370,29965,115724,,115724
2021/5/1,0,0,7391,53840,1455,16489,79175,,79175
2021/5/2,0,0,6740,23159,910,9971,40780,,40780
2021/5/3,0,17,7407,21924,1428,11753,42529,,42529
2021/5/4,0,6,7352,20573,1183,11813,40927,,40927
2021/5/5,0,0,7005,40149,2416,13389,62959,,62959
2021/5/6,0,13,6999,41915,6392,35379,90698,,90698
2021/5/7,0,0,9484,78812,5106,31138,124540,,124540
2021/5/8,0,0,8077,74469,1601,17477,101624,,101624
2021/5/9,0,1,6488,23456,1103,9126,40174,,40174
2021/5/10,0,13,7699,58252,6140,34675,106779,,106779
2021/5/11,0,0,11181,74682,5101,28965,119929,,119929
2021/5/12,0,0,8960,86985,5032,26970,127947,,127947
2021/5/13,0,0,8833,85793,4935,26603,126164,,126164
2021/5/14,0,0,9443,89381,4017,27569,130410,,130410
2021/5/15,0,0,7741,87468,1589,15558,112356,,112356
2021/5/16,0,0,6910,25525,1224,8883,42542,,42542
2021/5/17,0,0,7161,70891,5953,34188,118193,,118193
2021/5/18,0,0,10201,70458,5057,27305,113021,,113021
2021/5/19,0,0,9847,84940,4805,25295,124887,,124887
2021/5/20,0,0,8190,86776,4589,24542,124097,,124097
2021/5/21,0,0,9287,86049,3667,24966,123969,,123969
2021/5/22,0,0,8208,74996,1404,14218,98826,,98826
2021/5/23,0,0,5526,20348,1046,8616,35536,,35536
2021/5/24,0,3,6044,62120,5627,30638,104432,,104432
2021/5/25,0,20,8213,65223,4894,26270,104620,,104620
2021/5/26,0,1,7904,84557,4369,23260,120091,,120091
2021/5/27,0,0,6996,85173,4453,22684,119306,,119306
2021/5/28,0,4,7103,78546,4160,22510,112323,,112323
2021/5/29,0,0,5350,76012,1370,11908,94640,,94640
2021/5/30,0,0,4499,17161,909,7433,30002,,30002
2021/5/31,0,0,4422,52683,4929,28692,90726,,90726
2021/6/1,0,0,5433,56518,4581,22876,89408,,89408
2021/6/2,0,0,5421,62866,4196,22333,94816,,94816
2021/6/3,0,28,4872,60732,4431,21402,91465,,91465
2021/6/4,0,0,4349,60697,4357,21538,90941,,90941
2021/6/5,0,0,4035,54609,1838,11432,71914,,71914
2021/6/6,0,0,2340,12712,1057,6592,22701,,22701
2021/6/7,0,0,3540,42023,5146,28268,78977,,78977
2021/6/8,0,22,3950,48210,5337,22533,80052,,80052
2021/6/9,0,0,3563,64217,4914,21523,94217,,94217
2021/6/10,0,0,4658,65511,4467,20626,95262,,95262
2021/6/11,0,14,3973,62473,4262,20299,91021,,91021
2021/6/12,0,0,3275,53184,1415,10418,68292,,68292
2021/6/13,0,0,1986,10362,838,6603,19789,,19789
2021/6/14,0,0,2408,45218,5270,26889,79785,,79785
2021/6/15,0,10,3754,42216,4798,21514,72292,,72292
2021/6/16,0,28,2876,59061,4387,20300,86652,,86652
2021/6/17,0,0,3286,60939,4303,18927,87455,,87455
2021/6/18,0,0,3276,56033,3875,19566,82750,,82750
2021/6/19,0,0,2706,55092,1358,10829,69985,,69985
2021/6/20,0,0,1978,12322,985,6857,22142,,22142
2021/6/21,0,0,2314,42259,5076,24577,74226,,74226
2021/6/22,0,0,2956,43778,4699,21046,72479,,72479
2021/6/23,0,1,3169,58919,4153,19799,86041,,86041
2021/6/24,0,0,3161,67480,3885,18815,93341,,93341
2021/6/25,0,0,3478,68911,3387,19554,95330,,95330
2021/6/26,0,0,2437,62229,1378,9817,75861,,75861
2021/6/27,0,0,1485,10771,971,6371,19598,,19598
2021/6/28,0,0,2223,44801,5439,25801,78264,,78264
2021/6/29,0,0,3215,43207,4540,21749,72711,,72711
2021/6/30,0,0,3089,56878,4003,19793,83763,,83763
2021/7/1,0,2,3022,60812,4082,19112,87030,,87030
2021/7/2,0,0,2535,51084,3981,19674,77274,,77274
2021/7/3,0,0,2017,43683,1533,10954,58187,,58187
2021/7/4,0,21,1211,8488,875,6686,17281,,17281
2021/7/5,0,0,2363,37448,5095,26545,71451,,71451
2021/7/6,0,0,3510,35209,4738,22041,65498,,65498
2021/7/7,0,0,2852,45616,4385,20121,72974,,72974
2021/7/8,0,0,3309,49231,3961,20551,77052,,77052
2021/7/9,0,0,3525,48273,4092,20818,76708,,76708
2021/7/10,0,0,2662,41496,1534,11453,57145,,57145
2021/7/11,0,0,1752,10760,1084,7072,20668,,20668
2021/7/12,0,0,2387,31771,5673,27038,66869,25358,92227
2021/7/13,0,0,3114,35848,4794,22503,66259,30454,96713
2021/7/14,0,0,3968,49210,4537,21752,79467,40790,120257
2021/7/15,0,0,3649,54182,4079,20969,82879,51814,134693
2021/7/16,7,0,3842,54802,3978,21402,84031,48333,132364
2021/7/17,10,17,3029,48005,1563,12615,65239,38234,103473
2021/7/18,0,0,2518,12812,1200,7202,23732,30601,54333
2021/7/19,2,0,3655,40691,4900,28268,77516,35979,113495
2021/7/20,0,0,4022,39967,4410,23979,72378,44811,117189
2021/7/21,0,0,5135,54843,4482,24495,88955,55999,144954
2021/7/22,0,0,4507,30611,1283,10702,47103,45280,92383
2021/7/23,0,0,3618,21386,1480,10080,36564,44962,81526
2021/7/24,0,0,4217,61896,1996,17256,85365,44264,129629
2021/7/25,0,18,3145,15229,1321,10673,30386,38820,69206
2021/7/26,4,20,4417,34036,6500,36674,81651,39399,121050
2021/7/27,0,3,6024,51255,5734,29579,92595,47623,140218
2021/7/28,0,0,6178,61027,5274,27199,99678,64759,164437
2021/7/29,0,0,7078,63796,4990,27486,103350,70883,174233
2021/7/30,0,0,7739,62893,5011,29097,104740,68157,172897
2021/7/31,0,0,7308,61830,1888,18068,89094,59488,148582
2021/8/1,0,0,4487,19339,1201,10295,35322,46872,82194
2021/8/2,0,0,5985,53210,6558,38791,104544,51917,156461
2021/8/3,0,0,9051,59971,5814,32961,107797,65523,173320
2021/8/4,0,0,9812,68279,4805,32905,115801,77758,193559
2021/8/5,0,0,8934,68099,4892,31451,113376,82086,195462
2021/8/6,0,0,10158,73871,4601,32531,121161,80002,201163
2021/8/7,0,0,8912,69594,2271,21514,102291,69785,172076
2021/8/8,0,0,6619,26917,789,12111,46436,54210,100646
2021/8/9,0,0,7806,23589,1813,15601,48809,45109,93918
2021/8/10,0,0,6924,61371,6990,43965,119250,49534,168784
2021/8/11,0,0,9899,77643,6321,36932,130795,72233,203028
2021/8/12,0,19,10692,82024,5691,35158,133584,71302,204886
2021/8/13,0,0,10206,77675,4965,33592,126438,66026,192464
2021/8/14,0,0,9197,66063,2224,20899,98383,55045,153428
2021/8/15,0,23,7385,23176,1454,13363,45401,34838,80239
2021/8/16,0,0,9049,60920,7259,46548,123776,36303,160079
2021/8/17,0,0,11422,79725,6882,42522,140551,59732,200283
2021/8/18,0,0,11638,94632,6519,41833,154622,70183,224805
2021/8/19,1,0,11189,97804,5637,41726,156357,83323,239680
2021/8/20,0,0,12476,103697,6181,44664,167018,85805,252823
2021/8/21,0,0,11531,94333,2644,25506,134014,70379,204393
2021/8/22,0,0,10425,33798,1526,13932,59681,48582,108263
2021/8/23,0,0,10749,78851,7397,54257,151254,56124,207378
2021/8/24,0,1,13200,95788,6848,45021,160858,70842,231700
2021/8/25,0,0,12741,101094,6207,42725,162767,88068,250835
2021/8/26,0,22,11795,109734,6053,41253,168857,100965,269822
2021/8/27,0,0,12380,101087,6070,42855,162392,110172,272564
2021/8/28,0,0,10027,100273,2315,24506,137121,90339,227460
2021/8/29,0,0,7796,30494,1393,12823,52506,64280,116786
2021/8/30,0,22,9944,73006,7258,51358,141588,61029,202617
2021/8/31,0,0,11540,90216,6626,40745,149127,83606,232733
2021/9/1,0,0,11602,94414,5906,38749,150671,89313,239984
2021/9/2,0,0,9524,86655,6025,36105,138309,84579,222888
2021/9/3,0,0,10700,83341,5356,37569,136966,88278,225244
2021/9/4,0,0,8898,74015,2580,20096,105589,80735,186324
2021/9/5,0,0,7085,27538,1424,11072,47119,54032,101151
2021/9/6,0,0,6858,57011,7472,43944,115285,50316,165601
2021/9/7,0,0,9620,74378,6320,34998,125316,80744,206060
2021/9/8,0,0,8353,76380,5570,33126,123429,76504,199933
2021/9/9,0,20,7750,77616,5477,30369,121232,86899,208131
2021/9/10,0,0,7367,76107,5479,31132,120085,88346,208431
2021/9/11,0,0,6315,64490,1950,16890,89645,76761,166406
2021/9/12,0,19,4204,26523,1039,9711,41496,49016,90512
2021/9/13,0,0,4878,43800,6770,39299,94747,45859,140606
2021/9/14,0,0,5481,56979,5741,31142,99343,75519,174862
2021/9/15,0,0,5255,63282,4919,28880,102336,85680,188016
2021/9/16,0,0,4868,60599,4473,25756,95696,90013,185709
2021/9/17,0,0,4281,60000,4205,27275,95761,85312,181073
2021/9/18,0,0,2973,53452,1681,15172,73278,65066,138344
2021/9/19,0,0,2689,18189,873,8079,29830,38664,68494
2021/9/20,0,0,3671,14032,1613,10972,30288,27278,57566
2021/9/21,0,0,3593,40613,6187,34415,84808,52366,137174
2021/9/22,0,0,4313,62335,4204,26684,97536,71982,169518
2021/9/23,0,0,2868,42196,1384,9920,56368,66039,122407
2021/9/24,0,20,2356,33399,5076,29280,70131,74218,144349
2021/9/25,0,0,2792,77812,1704,13902,96210,73192,169402
2021/9/26,0,0,1774,15509,968,8101,26352,45231,71583
2021/9/27,0,0,2206,34373,6596,31553,74728,36016,110744
2021/9/28,0,0,3471,43108,5072,25424,77075,69193,146268
2021/9/29,0,0,2222,53668,4647,23519,84056,76563,160619
2021/9/30,0,0,1990,63248,4206,22731,92175,76698,168873
2021/10/1,0,0,2294,56724,4455,22664,86137,72964,159101
2021/10/2,0,21,1797,33383,1927,12940,50068,45839,95907
2021/10/3,0,0,1605,9727,1422,8052,20806,30966,51772
2021/10/4,0,0,1954,34343,5521,29978,71796,23453,95249
2021/10/5,0,0,1796,33571,4760,24107,64234,44707,108941
2021/10/6,0,0,1460,36742,4322,22246,64770,56299,121069
2021/10/7,0,0,1394,39939,3755,21995,67083,64960,132043
2021/10/8,0,0,1614,38340,3682,22540,66176,67384,133560
2021/10/9,0,0,1188,38724,1181,11218,52311,54218,106529
2021/10/10,0,0,763,8660,1077,7722,18222,40086,58308
2021/10/11,0,0,1327,23234,5116,28406,58083,29932,88015
2021/10/12,0,0,1417,30231,4805,22931,59384,51637,111021
2021/10/13,0,0,1474,34817,4133,20885,61309,63845,125154
2021/10/14,0,0,1155,37642,3890,20179,62866,75424,138290
2021/10/15,0,0,1111,38645,4374,20919,65049,74501,139550
2021/10/16,0,0,941,33724,1254,11192,47111,62170,109281
2021/10/17,0,0,863,7947,985,7066,16861,41893,58754
2021/10/18,0,0,829,22988,5315,26415,55547,29058,84605
2021/10/19,0,0,874,26610,4527,22336,54347,51320,105667
2021/10/20,0,0,996,33430,3939,20530,58895,66303,125198
2021/10/21,0,0,707,36133,3845,19095,59780,76467,136247
2021/10/22,0,0,987,37006,3725,20555,62273,71813,134086
2021/10/23,0,0,452,34914,1477,10880,47723,61877,109600
2021/10/24,0,0,598,12272,960,6871,20701,41583,62284
2021/10/25,0,0,835,21974,5478,27602,55889,31435,87324
2021/10/26,0,0,1032,26025,4453,22316,53826,54646,108472
2021/10/27,0,0,861,30078,3916,20435,55290,68779,124069
2021/10/28,0,0,792,38831,3798,20119,63540,76265,139805
2021/10/29,0,0,949,35067,3585,20105,59706,76218,135924
2021/10/30,0,0,449,28088,1366,10837,40740,60984,101724
2021/10/31,0,0,586,6996,974,6858,15414,40683,56097
2021/11/1,0,0,555,23440,4501,26490,54986,26915,81901
2021/11/2,0,0,817,22554,3923,21072,48366,41350,89716
2021/11/3,0,0,450,14228,1239,7882,23799,46075,69874
2021/11/4,0,0,954,14288,4396,23430,43068,52234,95302
2021/11/5,0,0,1022,23397,4143,21117,49679,55066,104745
2021/11/6,0,0,645,25532,1506,11380,39063,49283,88346
2021/11/7,0,0,508,5887,988,7023,14406,36410,50816
2021/11/8,0,0,476,22166,5375,27344,55361,24984,80345
2021/11/9,0,0,548,20888,4554,22278,48268,46058,94326
2021/11/10,0,0,536,21389,4317,19658,45900,57343,103243
2021/11/11,0,0,872,26425,4078,18959,50334,65242,115576
2021/11/12,0,0,917,26131,3903,18839,49790,65232,115022
2021/11/13,0,0,351,21149,1366,9815,32681,54077,86758
2021/11/14,0,0,223,5038,995,6326,12582,39322,51904
2021/11/15,0,0,177,20621,5706,26732,53236,24012,77248
2021/11/16,0,0,407,19289,4486,21225,45407,44642,90049
2021/11/17,0,0,480,22445,3984,19327,46236,58265,104501
2021/11/18,0,0,375,26647,3800,18378,49200,64447,113647
2021/11/19,0,21,520,25027,3249,18655,47472,62217,109689
2021/11/20,0,0,193,23884,1368,9983,35428,57329,92757
2021/11/21,0,0,322,6405,959,6001,13687,38846,52533
2021/11/22,0,0,383,19164,5179,24384,49110,24592,73702
2021/11/23,0,0,235,13710,1406,7577,22928,45398,68326
2021/11/24,0,14,378,16368,4647,23022,44429,52901,97330
2021/11/25,0,0,279,25875,4165,19372,49691,71597,121288
2021/11/26,0,0,294,31346,4050,19405,55095,68815,123910
2021/11/27,0,0,211,21532,1541,9943,33227,61713,94940
2021/11/28,0,21,345,12291,895,6520,20072,41705,61777
2021/11/29,0,19,177,18317,5543,25437,49493,25054,74547
2021/11/30,0,0,429,18532,4533,21258,44752,41042,85794
2021/12/1,0,0,370,20193,4564,20453,45580,53323,98903
2021/12/2,0,0,405,23781,3975,18515,46676,55064,101740
2021/12/3,0,0,510,19227,4029,20061,43827,53757,97584
2021/12/4,0,0,420,19504,1603,10380,31907,47237,79144
2021/12/5,0,0,470,5340,960,6405,13175,34798,47973
2021/12/6,0,1,344,18493,5640,26436,50914,23487,74401
2021/12/7,0,0,354,17826,4574,21759,44513,43209,87722
2021/12/8,0,0,596,17790,4144,19736,42266,53214,95480
2021/12/9,0,0,633,22752,4112,18875,46372,62446,108818
2021/12/10,0,0,955,22791,4193,20192,48131,59478,107609
2021/12/11,0,6,541,21655,1339,10504,34045,51815,85860
2021/12/12,0,0,686,5903,1083,7032,14704,36319,51023
2021/12/13,0,0,508,18125,5733,26249,50615,22807,73422
2021/12/14,0,0,630,18575,4443,21794,45442,40383,85825
2021/12/15,0,0,740,19507,4218,20305,44770,55405,100175
2021/12/16,0,0,582,23731,3959,19491,47763,56937,104700
2021/12/17,0,1,595,21622,4156,20484,46858,57180,104038
2021/12/18,0,0,856,21976,1593,11917,36342,51019,87361
2021/12/19,0,0,643,6643,1119,6877,15282,36454,51736
2021/12/20,0,0,1300,17093,5249,26647,50289,24996,75285
2021/12/21,0,0,1348,18157,4253,22737,46495,47804,94299
2021/12/22,0,3,1544,22321,3775,20578,48221,59653,107874
2021/12/23,0,0,1441,23039,3461,19480,47421,64468,111889
2021/12/24,0,0,1843,20936,2865,19906,45550,66888,112438
2021/12/25,0,0,1478,24376,1162,11682,38698,63164,101862
2021/12/26,0,0,851,10014,945,7851,19661,50128,69789
2021/12/27,0,0,1710,21086,3475,25447,51718,36112,87830
2021/12/28,0,0,2452,22165,3031,20403,48051,58991,107042
2021/12/29,0,0,1908,22397,1088,15261,40654,66196,106850
2021/12/30,0,0,1727,14527,1048,11630,28932,56596,85528
2021/12/31,0,0,1864,10389,928,9576,22757,51630,74387
2022/1/1,0,0,1280,6861,708,8853,17702,32088,49790
2022/1/2,0,0,1806,7175,1345,10849,21175,17687,38862
2022/1/3,0,0,1790,9216,2452,13142,26600,12492,39092
2022/1/4,0,0,2856,21458,7108,37543,68965,24566,93531
2022/1/5,0,0,2741,38023,6309,34811,81884,49684,131568
2022/1/6,0,0,3495,38396,5428,34952,82271,61758,144029
2022/1/7,0,0,5006,43882,5238,37511,91637,69415,161052
2022/1/8,0,0,5297,47227,2502,23223,78249,60820,139069
2022/1/9,0,0,5442,24535,1258,14071,45306,48770,94076
2022/1/10,0,0,5990,21542,2684,16235,46451,38266,84717
2022/1/11,0,0,7071,51217,8550,59058,125896,52217,178113
2022/1/12,0,0,9038,75461,7450,48919,140868,69403,210271
2022/1/13,0,0,10898,80268,8141,50130,149437,86763,236200
2022/1/14,0,22,11678,87452,8109,57007,164268,90971,255239
2022/1/15,0,0,12588,87837,3993,35193,139611,72652,212263
2022/1/16,0,0,11813,40369,2490,19527,74199,60052,134251
2022/1/17,0,2,13179,79621,10237,78671,181710,48584,230294
2022/1/18,0,0,16345,114138,9764,68648,208895,63205,272100
2022/1/19,0,0,16300,125445,9192,68071,219008,88414,307422
2022/1/20,0,0,16973,140384,8615,68327,234299,98159,332458
2022/1/21,0,0,16130,140937,8660,71941,237668,100753,338421
2022/1/22,0,0,14719,136518,3872,44787,199896,91911,291807
2022/1/23,0,0,13100,56258,2677,24008,96043,70477,166520
2022/1/24,0,0,15133,121616,11328,95385,243462,57081,300543
2022/1/25,0,23,14299,154274,10175,77111,255882,72635,328517
2022/1/26,0,0,15039,160046,10169,73157,258411,101698,360109
2022/1/27,0,0,14638,156327,9029,72160,252154,111631,363785
2022/1/28,0,0,14704,161077,8262,76259,260302,110923,371225
2022/1/29,0,0,13435,141013,4284,44978,203710,93992,297702
2022/1/30,0,0,11508,57214,2210,25388,96320,74323,170643
2022/1/31,0,40,12381,124927,12247,92073,241668,55626,297294
2022/2/1,0,0,12319,149937,10013,73743,246012,78737,324749
2022/2/2,0,0,11962,143459,8933,72089,236443,108310,344753
2022/2/3,0,32,11316,146812,8651,68057,234868,108907,343775
2022/2/4,0,0,12269,150223,7701,72056,242249,115099,357348
2022/2/5,0,0,10278,135371,3919,42299,191867,101161,293028
2022/2/6,0,0,9415,50935,2213,20980,83543,82995,166538
2022/2/7,0,0,9617,120781,10550,87230,228178,58816,286994
2022/2/8,0,0,11631,140966,9183,69792,231572,90692,322264
2022/2/9,0,0,11139,143861,8271,64890,228161,117679,345840
2022/2/10,0,0,11930,145742,7112,61157,225941,131822,357763
2022/2/11,0,0,11573,94339,2250,20777,128939,121252,250191
2022/2/12,0,0,9508,108288,3462,46491,167749,89126,256875
2022/2/13,0,0,9753,45693,2215,20433,78094,65620,143714
2022/2/14,0,0,9028,91140,11057,83812,195037,54060,249097
2022/2/15,0,0,11271,127988,9257,66069,214585,89095,303680
2022/2/16,0,0,10499,124075,7849,62155,204578,115992,320570
2022/2/17,0,0,10779,132573,7491,56208,207051,123285,330336
2022/2/18,0,0,11362,125019,6405,60450,203236,119598,322834
2022/2/19,0,0,9642,131500,3183,36126,180451,103472,283923
2022/2/20,0,0,9405,40626,2044,21022,73097,83500,156597
2022/2/21,0,0,9414,89110,9608,76360,184492,54155,238647
2022/2/22,0,0,11046,111498,7091,61837,191472,91188,282660
2022/2/23,0,0,9902,76826,2180,20194,109102,121469,230571
2022/2/24,0,0,10127,99833,8231,63473,181664,112335,293999
2022/2/25,0,0,9899,120398,6413,58787,195497,108971,304468
2022/2/26,0,0,8927,106091,2904,34803,152725,104194,256919
2022/2/27,0,0,7647,49138,1719,17035,75539,86213,161752
2022/2/28,0,20,8185,93075,10227,74121,185628,53063,238691
2022/3/1,0,0,10154,100738,7640,57776,176308,85744,262052
2022/3/2,0,0,9321,100745,7746,53337,171149,112601,283750
2022/3/3,0,17,8805,99859,6986,51092,166759,117553,284312
2022/3/4,0,20,8739,90874,6203,53745,159581,116825,276406
2022/3/5,0,0,7712,101686,3126,32392,144916,96882,241798
2022/3/6,0,0,7394,35643,1625,15981,60643,76902,137545
2022/3/7,0,20,8036,69290,9452,69836,156634,49820,206454
2022/3/8,0,0,8700,97857,7736,55005,169298,86776,256074
2022/3/9,0,0,9320,104039,6990,49856,170205,112596,282801
2022/3/10,0,0,8066,101960,6260,48266,164552,117545,282097
2022/3/11,0,22,7956,96580,5946,52778,163282,113268,276550
2022/3/12,0,22,7332,103726,2668,30723,144471,99379,243850
2022/3/13,0,0,6801,34171,1600,17573,60145,73752,133897
2022/3/14,0,10,7073,67226,8774,70304,153387,53118,206505
2022/3/15,0,0,7688,93001,7172,54822,162683,83637,246320
2022/3/16,0,3,7701,97135,6154,48190,159183,109797,268980
2022/3/17,0,45,7646,92554,5890,44594,150729,117071,267800
2022/3/18,0,23,6711,90073,5249,45297,147353,116855,264208
2022/3/19,0,0,5784,86769,2542,27621,122716,94601,217317
2022/3/20,0,0,5202,35942,1164,14831,57139,73043,130182
2022/3/21,0,0,5549,22604,1962,18548,48663,43129,91792
2022/3/22,0,0,5527,59415,8755,65104,138801,66590,205391
2022/3/23,0,0,5699,103379,6443,48312,163833,101175,265008
2022/3/24,0,0,6236,97045,5790,45354,154425,130662,285087
2022/3/25,0,0,6141,93940,5549,46555,152185,114783,266968
2022/3/26,0,0,6069,75725,2957,28409,113160,97847,211007
2022/3/27,0,0,4990,29637,1695,17597,53919,74319,128238
2022/3/28,0,0,6397,59955,7563,63566,137481,50846,188327
2022/3/29,0,0,6849,77000,6962,51235,142046,80544,222590
2022/3/30,0,0,7453,79941,6090,48824,142308,99032,241340
2022/3/31,0,0,7024,75429,6107,46404,134964,84868,219832
2022/4/1,0,0,7129,64188,5942,48121,125380,77287,202667
2022/4/2,0,0,6076,58819,2766,29281,96942,70972,167914
2022/4/3,0,0,5625,24303,1577,15381,46886,57995,104881
2022/4/4,0,0,5436,53287,7756,65415,131894,28640,160534
2022/4/5,0,0,6814,68064,7431,51715,134024,62442,196466
2022/4/6,0,0,6679,69704,6307,50862,133552,89507,223059
2022/4/7,0,0,6079,70963,6228,48024,131294,94264,225558
2022/4/8,0,0,6948,70917,6171,52935,136971,90552,227523
2022/4/9,0,0,5194,64431,3016,31717,104358,88324,192682
2022/4/10,0,0,6014,26124,1923,17987,52048,71432,123480
2022/4/11,0,0,5709,59749,8602,74408,148468,40165,188633
2022/4/12,0,0,6819,77839,7498,57535,149691,78532,228223
2022/4/13,0,0,7162,80136,6483,55536,149317,106912,256229
2022/4/14,0,0,6152,78857,5680,49825,140514,115058,255572
2022/4/15,0,0,6391,73685,6126,51600,137802,108479,246281
2022/4/16,0,0,5977,69325,2263,29776,107341,98792,206133
2022/4/17,0,0,5321,25632,1466,15239,47658,75438,123096
2022/4/18,0,0,5327,55308,8098,68365,137098,39609,176707
2022/4/19,0,0,6428,75413,7002,56542,145385,78546,223931
2022/4/20,0,0,6356,75377,6186,51339,139258,103996,243254
2022/4/21,0,0,5797,75853,5800,49441,136891,110072,246963
2022/4/22,0,0,5122,70972,5404,53302,134800,100532,235332
2022/4/23,0,0,5065,69594,2343,30924,107926,96445,204371
2022/4/24,0,0,5256,26378,1791,16580,50005,77535,127540
2022/4/25,0,0,5210,55055,8155,71735,140155,44889,185044
2022/4/26,0,0,6283,73189,6605,54990,141067,84770,225837
2022/4/27,0,1,5766,70050,5215,50598,131630,125844,257474
2022/4/28,0,0,5324,65409,4365,44110,119208,124336,243544
2022/4/29,0,0,4456,38253,1341,16609,60659,116103,176762
2022/4/30,0,0,3943,48088,2396,31130,85557,90650,176207
2022/5/1,0,0,3521,24148,1533,15622,44824,70490,115314
2022/5/2,0,0,4226,37077,5396,55995,102694,28544,131238
2022/5/3,0,0,3621,38005,1342,17529,60497,44063,104560
2022/5/4,0,0,3302,17998,1631,18735,41666,39108,80774
2022/5/5,0,0,3532,16844,2243,19671,42290,32633,74923
2022/5/6,0,0,3788,40343,7501,68227,119859,30740,150599
2022/5/7,0,0,3517,77745,3009,33581,117852,45132,162984
2022/5/8,0,0,4451,26769,1857,17545,50622,37239,87861
2022/5/9,0,0,4217,50372,9380,70312,134281,32129,166410
2022/5/10,0,0,5262,71312,7689,53844,138107,56332,194439
2022/5/11,0,0,5371,66662,7249,50080,129362,74281,203643
2022/5/12,0,0,5062,72635,5851,49596,133144,75966,209110
2022/5/13,0,0,5308,67192,5931,52965,131396,68971,200367
2022/5/14,0,0,4600,66042,2423,30153,103218,61837,165055
2022/5/15,0,0,4027,24056,1745,15369,45197,39741,84938
2022/5/16,0,0,5153,47345,8506,68171,129175,34218,163393
2022/5/17,0,0,5061,66253,6849,51131,129294,54397,183691
2022/5/18,0,0,5099,67277,5667,49639,127682,59832,187514
2022/5/19,0,0,4518,59791,5616,47425,117350,57068,174418
2022/5/20,0,0,4634,60121,5775,56170,126700,46974,173674
2022/5/21,0,0,3191,57165,2286,29131,91773,44546,136319
2022/5/22,0,0,3264,21271,1854,15281,41670,32970,74640
2022/5/23,0,0,4040,45040,7807,65240,122127,30299,152426
2022/5/24,0,0,3969,63662,6498,49664,123793,55409,179202
2022/5/25,0,0,3779,69964,5712,45913,125368,70471,195839
2022/5/26,0,0,3433,61641,5467,42581,113122,73640,186762
2022/5/27,0,0,3602,55080,5197,44488,108367,67705,176072
2022/5/28,0,0,2968,53019,2136,24216,82339,56165,138504
2022/5/29,0,0,2251,16673,1658,13280,33862,33071,66933
2022/5/30,0,0,2794,36067,7598,58238,104697,26902,131599
2022/5/31,0,21,3432,52087,6536,43889,105965,44666,150631
2022/6/1,0,0,3710,47922,5444,40336,97412,44642,142054
2022/6/2,0,0,3400,47943,5459,38981,95783,42116,137899
2022/6/3,0,0,3013,43861,5293,39806,91973,36487,128460
2022/6/4,0,0,2376,40498,2163,22695,67732,34820,102552
2022/6/5,0,0,2134,15558,2054,12416,32162,28030,60192
2022/6/6,0,0,2605,30701,7465,53670,94441,26577,121018
2022/6/7,0,0,2712,44912,6155,40773,94552,46927,141479
2022/6/8,0,0,2134,48541,5249,38037,93961,60014,153975
2022/6/9,0,0,2264,49013,4900,35516,91693,63251,154944
2022/6/10,0,0,2624,43056,4819,37678,88177,53334,141511
2022/6/11,0,0,1997,43407,2079,21004,68487,45964,114451
2022/6/12,0,0,1401,14704,1483,11866,29454,32312,61766
2022/6/13,0,0,1847,28294,8486,50112,88739,29367,118106
2022/6/14,0,0,2001,45380,5617,39085,92083,49278,141361
2022/6/15,0,0,2196,48762,4976,36163,92097,57655,149752
2022/6/16,0,0,2551,44527,4884,34582,86544,56047,142591
2022/6/17,0,0,1950,43022,5146,37837,87955,43951,131906
2022/6/18,0,0,1885,38857,2027,21347,64116,37717,101833
2022/6/19,0,0,1280,14153,1737,12525,29695,27182,56877
2022/6/20,0,0,2220,27900,7125,52293,89538,26555,116093
2022/6/21,0,0,2004,40977,5729,40113,88823,46184,135007
2022/6/22,0,0,2456,47870,5296,37764,93386,61279,154665
2022/6/23,0,0,2490,45992,5197,35747,89426,62377,151803
2022/6/24,0,0,2104,42912,4519,37138,86673,54098,140771
2022/6/25,0,0,1663,41354,2109,21624,66750,48483,115233
2022/6/26,0,0,1589,14352,1534,12822,30297,32809,63106
2022/6/27,0,0,2323,29012,7364,52215,90914,31920,122834
2022/6/28,0,0,2201,44880,6045,41967,95093,45082,140175
2022/6/29,0,0,2510,45869,5085,39795,93259,53355,146614
2022/6/30,0,0,2324,41484,5614,38025,87447,49768,137215
2022/7/1,0,0,2147,40952,5709,41118,89926,33705,123631
2022/7/2,0,0,2372,35263,2479,25163,65277,16993,82270
2022/7/3,0,0,1707,13107,1553,14926,31293,14021,45314
2022/7/4,0,0,2929,33621,8143,64632,109325,16012,125337
2022/7/5,0,24,3677,47060,6660,53020,110441,21302,131743
2022/7/6,0,0,3526,55502,6039,51109,116176,31461,147637
2022/7/7,0,0,3512,55566,5643,51770,116491,37195,153686
2022/7/8,0,0,4827,62354,5836,58029,131046,30828,161874
2022/7/9,0,0,4458,61874,2686,35489,104507,29370,133877
2022/7/10,0,0,3974,23726,1851,20998,50549,25114,75663
2022/7/11,0,0,5461,54996,9610,92195,162262,28341,190603
2022/7/12,0,0,5758,82502,7433,73836,169529,40242,209771
2022/7/13,0,0,5743,93590,7133,74186,180652,49402,230054
2022/7/14,0,0,5786,95383,6844,73061,181074,55464,236538
2022/7/15,0,0,6263,98253,6989,82171,193676,48219,241895
2022/7/16,0,0,4981,89593,3603,55142,153319,43736,197055
2022/7/17,0,0,5123,34507,2024,30296,71950,29760,101710
2022/7/18,0,0,4964,28549,3934,37325,74772,25428,100200
2022/7/19,0,0,5156,91145,11951,134099,242351,30269,272620
2022/7/20,0,0,6371,145541,9475,103777,265164,52905,318069
2022/7/21,0,0,6935,141535,8674,97403,254547,60697,315244
2022/7/22,0,18,7262,135154,7981,106198,256613,55629,312242
2022/7/23,0,0,5240,125247,4757,70520,205764,51740,257504
2022/7/24,0,0,4724,46852,2650,35312,89538,37236,126774
2022/7/25,0,0,6126,110307,12731,136570,265734,34313,300047
2022/7/26,0,0,6540,132020,9396,111840,259796,59327,319123
2022/7/27,0,8,6423,155052,9077,101458,272018,68413,340431
2022/7/28,0,0,6392,142373,8510,94914,252189,71128,323317
2022/7/29,0,0,6719,133787,8169,104110,252785,67195,319980
2022/7/30,0,20,5684,115907,4428,65347,191386,43957,235343
2022/7/31,0,0,4482,47548,2660,32361,87051,36003,123054
2022/8/1,0,0,5967,101859,11700,132482,252008,32864,284872
2022/8/2,0,0,5752,134852,9763,108291,258658,42271,300929
2022/8/3,0,0,5893,136397,8660,94859,245809,50323,296132
2022/8/4,0,0,6124,116953,8088,89921,221086,57074,278160
2022/8/5,0,0,6779,120005,7945,99213,233942,51660,285602
2022/8/6,0,216,5594,117215,3738,62611,189374,51653,241027
2022/8/7,0,0,3872,45938,2611,32217,84638,39338,123976
2022/8/8,0,21,5706,93657,11359,122972,233715,40690,274405
2022/8/9,0,0,5920,133176,8888,99132,247116,66687,313803
2022/8/10,0,0,5409,131944,7099,91957,236409,76486,312895
2022/8/11,0,0,4521,76608,3162,32785,117076,72193,189269
2022/8/12,0,0,4317,92068,9237,96872,202494,51115,253609
2022/8/13,0,0,5210,93551,3618,48463,150842,52196,203038
2022/8/14,0,0,3737,36516,2730,33212,76195,35791,111986
2022/8/15,0,0,4447,67079,11062,91512,174100,32547,206647
2022/8/16,0,0,5067,91775,8757,102083,207682,50115,257797
2022/8/17,0,0,4667,119498,8350,96300,228815,56995,285810
2022/8/18,0,0,5466,122637,7461,88783,224347,67785,292132
2022/8/19,0,0,5409,109253,7608,96406,218676,58939,277615
2022/8/20,0,1,4515,110722,3352,59105,177695,52465,230160
2022/8/21,0,0,3247,47542,2474,29701,82964,42607,125571
2022/8/22,0,0,4395,86185,10428,118631,219639,35286,254925
2022/8/23,0,0,5763,113679,7850,93214,220506,58351,278857
2022/8/24,0,0,4931,122941,7116,81105,216093,68066,284159
2022/8/25,0,0,4711,110210,7024,75033,196978,72842,269820
2022/8/26,0,0,3896,100676,6177,79522,190271,61173,251444
2022/8/27,0,0,4069,89134,3089,48707,144999,55808,200807
2022/8/28,0,0,2408,34486,2214,24898,64006,32865,96871
2022/8/29,0,0,3741,65150,9505,100268,178664,26538,205202
2022/8/30,0,12,3902,95636,7671,76847,184068,45073,229141
2022/8/31,0,0,4057,88091,6818,71645,170611,49254,219865
2022/9/1,0,0,4234,82553,5887,63154,155828,42636,198464
2022/9/2,0,0,2989,74127,6228,66379,149723,31488,181211
2022/9/3,0,0,2296,66600,3120,42079,114095,30963,145058
2022/9/4,0,0,1931,25519,1897,22065,51412,20073,71485
2022/9/5,0,0,2672,54420,9455,91751,158298,21420,179718
2022/9/6,0,0,2475,79223,7037,68217,156952,42804,199756
2022/9/7,0,0,3121,72788,5903,62805,144617,54394,199011
2022/9/8,0,0,2630,69669,5889,57418,135606,56595,192201
2022/9/9,0,0,2203,67058,5712,60090,135063,42948,178011
2022/9/10,0,0,1652,57543,2506,37621,99322,36954,136276
2022/9/11,0,0,989,24545,1658,19693,46885,22805,69690
2022/9/12,0,0,1870,46038,8624,84284,140816,23339,164155
2022/9/13,0,0,2197,65127,6657,63044,137025,50230,187255
2022/9/14,0,0,1384,69456,5530,56960,133330,53951,187281
2022/9/15,0,0,2020,62461,5209,51357,121047,56713,177760
2022/9/16,0,0,1498,57169,4848,54530,118045,39637,157682
2022/9/17,0,0,1280,50474,2713,33807,88274,31251,119525
2022/9/18,0,0,1036,18658,1253,16255,37202,17948,55150
2022/9/19,0,0,555,10029,2302,19687,32573,14867,47440
2022/9/20,0,0,1520,37216,7484,78313,124533,25458,149991
2022/9/21,0,0,1442,61480,5744,51433,120099,57058,177157
2022/9/22,0,0,1488,55588,5272,47936,110284,59517,169801
2022/9/23,0,0,1207,35439,1345,15609,53600,41753,95353
2022/9/24,0,0,1052,39160,3049,36884,80145,21599,101744
2022/9/25,0,0,1107,18084,1823,17278,38292,19467,57759
2022/9/26,0,0,811,34285,8550,69950,113596,20543,134139
2022/9/27,0,0,1205,50623,7018,51854,110700,54631,165331
2022/9/28,0,0,907,56426,5191,45393,107917,63974,171891
2022/9/29,0,0,661,43976,5098,41983,91718,49074,140792
2022/9/30,0,0,1011,39702,5003,44064,89780,34165,123945
2022/10/1,0,0,651,33135,2641,25480,61907,19592,81499
2022/10/2,0,0,496,12171,1530,14718,28915,13856,42771
2022/10/3,0,0,612,26679,7640,63692,98623,13446,112069
2022/10/4,0,0,979,38824,5813,49327,94943,25972,120915
2022/10/5,0,0,862,37668,5286,42517,86333,34150,120483
2022/10/6,0,0,748,33582,4690,38400,77420,33804,111224
2022/10/7,0,0,570,34170,4301,39096,78137,27716,105853
2022/10/8,0,0,664,30775,2141,23542,57122,23558,80680
2022/10/9,0,0,494,11470,1191,13546,26701,14317,41018
2022/10/10,0,0,401,8172,1978,17343,27894,13796,41690
2022/10/11,0,0,620,26315,7825,67587,102347,23248,125595
2022/10/12,0,0,962,48966,5523,48162,103613,49463,153076
2022/10/13,0,0,945,46505,5332,42699,95481,60674,156155
2022/10/14,0,0,921,44152,5265,45391,95729,49095,144824
2022/10/15,0,0,394,36343,2627,26981,66345,34437,100782
2022/10/16,0,0,456,13079,1620,14296,29451,16885,46336
2022/10/17,0,0,722,28010,7833,66440,103005,17624,120629
2022/10/18,0,0,895,41794,5991,47757,96437,34483,130920
2022/10/19,0,0,818,39915,5501,43950,90184,41818,132002
2022/10/20,0,0,672,35364,4931,39667,80634,45451,126085
2022/10/21,0,0,1528,40143,4939,44598,91208,37506,128714
2022/10/22,0,0,808,36222,2441,26992,66463,30379,96842
2022/10/23,0,0,848,13800,1884,14556,31088,16894,47982
2022/10/24,0,0,894,26586,7122,65575,100177,16905,117082
2022/10/25,0,0,1714,45327,5491,48502,101034,42704,143738
2022/10/26,0,0,1034,44930,5245,44697,95906,57341,153247
2022/10/27,0,0,810,46678,4531,42734,94753,57151,151904
2022/10/28,0,0,1294,44632,4551,46548,97025,47724,144749
2022/10/29,0,0,1106,40735,2284,28041,72166,31208,103374
2022/10/30,0,0,512,15318,1691,14440,31961,16225,48186
2022/10/31,0,0,1458,28947,7809,69331,107545,13028,120573
2022/11/1,0,0,1395,45577,5344,56188,108504,23405,131909
2022/11/2,0,0,1529,43469,4818,53980,103796,25173,128969
2022/11/3,0,0,1647,31669,1823,17246,52385,26338,78723
2022/11/4,0,0,1421,41601,6190,67771,116983,17368,134351
2022/11/5,0,0,1699,52129,2966,33902,90696,18561,109257
2022/11/6,0,0,897,18650,1877,16675,38099,15222,53321
2022/11/7,0,0,1572,34986,8494,77954,123006,12026,135032
2022/11/8,0,0,2484,52651,6468,61085,122688,24899,147587
2022/11/9,0,0,2337,55487,5858,56849,120531,33893,154424
2022/11/10,0,0,1881,53554,5327,54317,115079,35726,150805
2022/11/11,0,0,2244,55685,5733,60282,123944,31082,155026
2022/11/12,0,0,1880,53470,2713,36517,94580,26462,121042
2022/11/13,0,0,1056,18947,1815,19377,41195,17662,58857
2022/11/14,0,0,2029,38253,8588,85608,134478,16248,150726
2022/11/15,0,0,2895,58793,6556,65431,133675,28099,161774
2022/11/16,0,0,2383,58445,6181,60747,127756,31605,159361
2022/11/17,0,0,2243,54679,5913,58070,120905,33974,154879
2022/11/18,0,0,2002,56229,5394,62987,126612,28701,155313
2022/11/19,0,0,1597,52627,2704,38388,95316,24509,119825
2022/11/20,0,0,905,20052,2056,20623,43636,17276,60912
2022/11/21,0,0,2309,39029,8205,90366,139909,15465,155374
2022/11/22,0,0,2437,64019,6117,72205,144778,31765,176543
2022/11/23,0,0,1926,43257,2019,22099,69301,38964,108265
2022/11/24,0,0,2285,51186,6662,76929,137062,25837,162899
2022/11/25,0,1,2621,66232,6137,69485,144476,32246,176722
2022/11/26,0,0,1930,60017,3094,41230,106271,26712,132983
2022/11/27,0,2,1032,20875,1839,20922,44670,17515,62185
2022/11/28,0,1,1760,40693,8812,92466,143732,14338,158070
2022/11/29,0,3,2466,64863,7058,76335,150725,22206,172931
2022/11/30,0,1,1862,63583,6316,67231,138993,26330,165323
2022/12/1,0,1,2745,72916,7366,89506,172534,31740,204274
2022/12/2,0,0,2693,73570,6908,78056,161227,33302,194529
2022/12/3,0,2,2209,70930,6524,73191,152856,31536,184392
2022/12/4,0,6,2779,69483,6210,81439,159917,27977,187894
2022/12/5,0,0,2272,62068,2889,49871,117100,22878,139978
2022/12/6,0,1,1399,23779,2234,25478,52891,14942,67833
2022/12/7,0,2,1891,45443,9394,108122,164852,13386,178238
2022/12/8,0,2,2423,67974,6908,87474,164781,29359,194140
2022/12/9,0,2,2689,65975,6714,82140,157520,34407,191927
2022/12/10,0,0,3038,66500,6505,79150,155193,38440,193633
2022/12/11,0,1,2500,64424,6059,81154,154138,32526,186664
2022/12/12,0,0,1968,56453,3165,52099,113685,29712,143397
2022/12/13,0,0,1108,22827,2128,26026,52089,22994,75083
2022/12/14,0,0,2693,73570,6908,78141,161312,33302,194614
2022/12/15,0,0,2209,70930,6566,73367,153072,31536,184608
2022/12/16,0,0,2779,69483,6298,81635,160195,27977,188172
2022/12/17,0,0,2272,62068,2902,50016,117258,22878,140136
2022/12/18,0,0,1399,23779,2258,25598,53034,14952,67986
2022/12/19,0,0,1891,45443,9549,109395,166278,13401,179679
2022/12/20,0,1,2423,68224,7051,88855,166554,29388,195942
2022/12/21,0,0,2689,66113,6811,83636,159249,34430,193679
2022/12/22,0,0,3038,66887,6612,80742,157279,38448,195727
2022/12/23,0,0,2500,64742,6170,83136,156548,32583,189131
2022/12/24,0,0,1968,56507,3189,53638,115302,29718,145020
2022/12/25,0,0,1108,22827,2236,26696,52867,23006,75873
2022/12/26,0,0,2013,47323,9210,111311,169857,18465,188322
2022/12/27,0,0,2208,70799,6041,89527,168575,31630,200205
2022/12/28,0,0,2306,71533,5079,79785,158703,30329,189032
2022/12/29,0,0,1704,55148,2301,56397,115550,22903,138453
2022/12/30,0,0,1805,36737,1947,41136,81625,19842,101467
2022/12/31,0,0,1424,20006,1883,33526,56839,14341,71180
2023/1/1,0,0,1210,9845,1438,27505,39998,7776,47240
2023/1/2,0,0,1743,11189,2633,37391,52956,6881,59403
2023/1/3,0,0,1248,16304,3719,41206,62477,8653,70299
2023/1/4,0,0,1863,38648,9488,103626,153625,11154,163813
2023/1/5,0,0,2166,77142,7807,99825,186940,20073,204152
2023/1/6,0,0,2912,71259,6719,119021,199911,21849,219551
2023/1/7,0,0,2219,63926,4066,63375,133586,18323,149652
2023/1/8,0,0,1798,24502,1885,28313,56498,14764,70136
2023/1/9,0,0,2159,14957,3761,34654,55531,13110,68046
2023/1/10,0,0,2007,45643,11314,124456,183420,19166,201573
2023/1/11,0,0,1691,66135,7867,87384,163077,34709,195257
2023/1/12,0,0,1950,59324,6752,77203,145229,38151,181556
2023/1/13,0,0,2143,52679,6522,79788,141132,31740,171369
2023/1/14,0,0,1837,49568,2787,50359,104551,25607,128587
2023/1/15,0,0,1194,19644,2025,24142,47005,14053,60055
2023/1/16,0,0,1587,34699,8632,100931,145849,12536,157642
2023/1/17,0,0,1693,45549,6828,70891,124961,22429,145523
2023/1/18,0,0,1177,45765,6429,64694,118065,23473,140262
2023/1/19,0,0,1315,43799,5998,59144,110256,25091,134034
2023/1/20,0,0,1489,39293,5754,62474,109010,22990,131121
2023/1/21,0,0,823,37562,2907,38458,79750,20010,98741
2023/1/22,0,0,522,13645,1901,19779,35847,10585,45888
2023/1/23,0,0,1524,24103,8509,82945,117081,10377,125422
2023/1/24,0,0,837,35938,6833,60069,103677,26197,125995
2023/1/25,0,0,723,37782,5451,50219,94175,29288,117323
2023/1/26,0,0,863,34933,5581,51343,92720,29956,116661
2023/1/27,0,0,702,37706,5825,55547,99780,29228,124521
2023/1/28,0,0,560,31710,2750,33510,68530,23252,85969
2023/1/29,0,0,218,11842,1591,17382,31033,12291,41106
2023/1/30,0,0,870,19411,8046,74917,103244,8275,109872
2023/1/31,0,0,622,31398,6260,56509,94789,14114,105336
2023/2/1,0,0,573,29354,5522,58221,93670,16060,104442
2023/2/2,0,0,760,31049,5587,49637,87033,17273,98224
2023/2/3,0,0,722,26798,5194,52421,85135,15097,96180
2023/2/4,0,0,661,30654,2693,32590,66598,12011,73612
2023/2/5,0,0,303,10320,1585,16838,29046,9089,36443
2023/2/6,0,0,573,18183,8128,72588,99472,8870,106892
2023/2/7,0,0,549,29203,6414,55266,91432,23089,112294
2023/2/8,0,0,701,32426,5757,49942,88826,29550,113589
2023/2/9,0,0,379,30897,4982,45995,82253,31368,107969
2023/2/10,0,0,469,31319,5604,49540,86932,25695,108495
2023/2/11,0,0,413,19714,1288,15704,37119,20817,53819
2023/2/12,0,0,239,6955,1582,16564,25340,10625,34269
2023/2/13,0,0,388,18408,8150,70819,97765,9167,106831
2023/2/14,0,0,552,27469,6109,49450,83580,22567,106110
2023/2/15,0,0,400,27673,5548,44130,77751,22786,100514
2023/2/16,0,0,295,27641,5473,41277,74686,26628,101282
2023/2/17,0,0,232,26017,4838,44513,75600,21250,96829
2023/2/18,0,0,238,23096,2591,27749,53674,16580,70241
2023/2/19,0,0,120,8671,1627,14306,24724,9476,34200
2023/2/20,0,0,511,16205,6794,59341,82851,8195,91002
2023/2/21,0,0,492,22079,5026,43363,70960,22459,93388
2023/2/22,0,0,484,26398,4686,38735,70303,25675,95966
2023/2/23,0,0,236,19516,1629,13325,34706,26987,61693
2023/2/24,0,1,521,22516,5659,49573,78270,13271,91519
2023/2/25,0,0,322,25263,2570,24756,52911,22282,75185
2023/2/26,0,0,41,8263,1668,13029,23001,10106,33107
2023/2/27,0,0,234,13616,7125,54368,75343,7531,82874
2023/2/28,0,0,319,20061,5909,42089,68378,13871,82249
2023/3/1,0,0,100,21190,5370,39980,66640,14990,81609
2023/3/2,0,0,164,23426,5071,36772,65433,14389,79813
2023/3/3,0,0,315,21663,5474,38469,65921,12314,78222
2023/3/4,0,0,320,19866,2821,23655,46662,13134,59789
2023/3/5,0,0,163,7062,1553,12793,21571,7722,29293
2023/3/6,0,0,246,11551,7348,53358,72503,7264,79767
2023/3/7,0,0,286,17633,6043,41771,65733,17347,83080
2023/3/8,0,0,230,21549,5478,37387,64644,21231,85875
2023/3/9,0,0,240,25007,4825,35273,65345,23059,88404
2023/3/10,0,0,288,21186,5124,38131,64729,17653,82382
2023/3/11,0,0,30,18604,1952,22393,42979,14998,57977
2023/3/12,0,0,70,6573,1346,12012,20001,9117,29118
2023/3/13,0,0,212,10855,6903,49530,67500,8949,76449
2023/3/14,0,0,108,15901,5628,36476,58113,22059,80172
2023/3/15,0,0,271,19759,4884,34399,59313,22589,81902
2023/3/16,0,0,104,19869,4171,32208,56352,21859,78211
2023/3/17,0,0,255,16777,3988,32930,53950,17304,71254
2023/3/18,0,0,91,14304,1782,20165,36342,14521,50863
2023/3/19,0,0,65,5800,1172,10930,17967,9280,27247
2023/3/20,0,0,128,9887,6165,43989,60169,9457,69626
2023/3/21,0,0,194,11770,1649,11983,25596,20286,45882
2023/3/22,0,0,244,13534,6013,42267,62058,13677,75735
2023/3/23,0,0,117,22107,4847,33350,60421,26265,86686
2023/3/24,0,0,240,19463,4538,34695,58936,22103,81039
2023/3/25,0,0,78,16478,2061,18747,37364,19606,56970
2023/3/26,0,0,80,6269,1216,10231,17796,11365,29161
2023/3/27,0,0,86,10645,6475,42467,59673,8863,68536
2023/3/28,0,0,337,14656,5153,32476,52622,16167,68789
2023/3/29,0,0,160,18178,4506,29992,52836,12130,64966
2023/3/30,0,0,205,19563,4246,28085,52099,9878,61977
2023/3/31,0,0,127,11065,4192,30971,46355,7207,53562
2023/4/1,0,0,26,16005,2297,18200,36528,6165,42693
2023/4/2,0,0,20,10077,1195,9776,21068,5132,26200
2023/4/3,0,0,147,14041,6163,40379,60730,4790,65520
2023/4/4,0,0,131,17487,4921,32395,54934,8074,63008
2023/4/5,0,0,164,22982,4465,30414,58025,8993,67018
2023/4/6,0,0,133,23232,4038,28244,55647,9450,65097
2023/4/7,0,0,73,22932,4192,29949,57146,10006,67152
2023/4/8,0,0,218,22099,1995,17424,41736,7908,49644
2023/4/9,0,0,10,13615,1287,9399,24311,3748,28059
2023/4/10,0,0,234,6634,6827,39971,53666,4655,58321
2023/4/11,0,0,38,10293,5190,32502,48023,11182,59205
2023/4/12,0,0,109,11303,4981,30668,47061,12559,59620
2023/4/13,0,0,42,11840,4026,27216,43124,13122,56246
2023/4/14,0,0,97,10844,4353,29684,44978,9307,54285
2023/4/15,0,0,96,9616,1924,17158,28794,7965,36759
2023/4/16,0,0,192,3282,1217,9750,14441,4777,19218
2023/4/17,0,0,137,6788,6388,42006,55319,4796,60115
2023/4/18,0,4,104,10269,4632,35815,50824,13275,64099
2023/4/19,0,0,59,10921,4372,31022,46374,13611,59985
2023/4/20,0,0,173,12246,3691,29406,45516,14175,59691
2023/4/21,0,10,150,11259,4016,31618,47053,12233,59286
2023/4/22,0,0,27,9453,2033,17125,28638,9226,37864
2023/4/23,0,0,10,3056,1118,9386,13570,,
2023/4/24,0,0,150,6934,5425,40937,53446,,
2023/4/25,0,0,67,9732,3957,31392,45148,,
2023/4/26,0,2,78,11762,3542,28765,44149,,
2023/4/27,0,0,87,9829,3056,25341,38313,,
2023/4/28,0,3,66,5587,2398,22750,30804,,
2023/4/29,0,0,70,2604,476,6679,9829,,
2023/4/30,0,0,44,577,749,7038,8408,,
