"date","npatients","ncurrentpatients","nexits","ndeaths","nheavycurrentpatients","nunknowns","ninspections","ISO3155-2"
"2020-03-18","3","1","2","0",,,,
"2020-03-19","3","1","2","0",,,,
"2020-03-20","3","1","2","0",,,,
"2020-03-21","3","1","2","0",,,,
"2020-03-22","3","1","2","0",,,,
"2020-03-23","3","1","2","0",,,,
"2020-03-24","4","2","2","0",,,,
"2020-03-25","4","2","2","0",,,,
"2020-03-26","4","2","2","0",,,,
"2020-03-27","6","4","2","0",,,,
"2020-03-28","6","4","2","0",,,,
"2020-03-29","8","6","2","0",,,,
"2020-03-30","9","7","2","0",,,,
"2020-03-31","9","7","2","0",,,,
"2020-04-01","9","7","2","0",,,,
"2020-04-02","9","7","2","0",,,,
"2020-04-03","9","7","2","0",,,,
"2020-04-04","9","7","2","0",,,,
"2020-04-05","9","7","2","0",,,,
"2020-04-06","15","13","2","0",,,,
"2020-04-07","27","25","2","0",,,,
"2020-04-08","32","29","3","0",,,,
"2020-04-09","42","39","3","0",,,,
"2020-04-10","49","46","3","0",,,,
"2020-04-11","49","46","3","0",,,,
"2020-04-12","66","63","3","0",,,,
"2020-04-13","72","69","3","0",,,,
"2020-04-14","76","73","3","0",,,,
"2020-04-15","86","83","3","0",,,,
"2020-04-16","86","79","6","1",,,,
"2020-04-17","101","94","6","1",,,,
"2020-04-18","101","94","6","1",,,,
"2020-04-19","110","103","6","1",,,,
"2020-04-20","121","107","11","3",,,,
"2020-04-21","125","111","11","3",,,,
"2020-04-22","130","116","11","3",,,,
"2020-04-23","132","118","11","3",,,,
"2020-04-24","133","118","11","4",,,,
"2020-04-25","133","118","11","4",,,,
"2020-04-26","133","118","11","4",,,,
"2020-04-27","137","110","23","4",,,,
"2020-04-28","141","113","24","4",,,,
"2020-04-29","141","113","24","4",,,,
"2020-04-30","142","114","24","4",,,,
"2020-05-01","142","114","24","4",,,,
"2020-05-02","142","114","24","4",,,,
"2020-05-03","142","114","24","4",,,,
"2020-05-04","142","114","24","4",,,,
"2020-05-05","142","114","24","4",,,,
"2020-05-06","142","114","24","4",,,,
"2020-05-07","142","114","24","4",,,,
"2020-05-08","142","55","82","5","不明","0","2403",
"2020-05-09","142","55","82","5","5","0","1446",
"2020-05-10","142","45","92","5","5","0","2483",
"2020-05-11","142","41","96","5","5","0","2511",
"2020-05-12","142","30","106","6","4","0","2535",
"2020-05-13","142","25","111","6","4","0","2608",
"2020-05-14","142","21","115","6","4","0","2643",
"2020-05-15","142","21","115","6","4","0","2643",
"2020-05-16","142","12","124","6","4","0","2693",
"2020-05-17","142","13","123","6","4","0","2724",
"2020-05-18","142","11","125","6","4","0","2735",
"2020-05-19","142","9","127","6","4","0","2752",
"2020-05-20","142","6","130","6","4","0","2773",
"2020-05-21","142","5","131","6","4","0","2795",
"2020-05-22","142","4","132","6","3","0","2806",
"2020-05-23","142","4","132","6","3","0","2806",
"2020-05-24","142","3","133","6","4","0","2821",
"2020-05-25","142","2","134","6","-","0","2826",
"2020-05-26","142","1","135","6","3","0","2829",
"2020-05-27","142","1","135","6","3","0","2836",
"2020-05-28","142","4","136","6","2","0","2843",
"2020-05-29","142","4","136","6","2","0","2847",
"2020-05-30","142","3","137","6","2","0","2852",
"2020-05-31","142","3","137","6","2","0","2863",
"2020-06-01","142","3","137","6","2","0","2870",
"2020-06-02","142","3","137","6","2","0","2872",
"2020-06-03","142","2","137","7","1","0","2880",
"2020-06-04","142","2","137","7","1","0","2895",
"2020-06-05","142","2","137","7","1","0","2908",
"2020-06-06","142","2","137","7","1","0","2908",
"2020-06-07","142","2","137","7","1","0","2908",
"2020-06-08","142","2","137","7","1","0","2908",
"2020-06-09","142","0","139","7","0","0","2925",
"2020-06-10","142","0","139","7","0","0","2930",
"2020-06-11","142","0","139","7","0","0","2935",
"2020-06-12","142","0","139","7","0","0","2940",
"2020-06-13","142","0","139","7","0","0","2949",
"2020-06-14","142","0","139","7","0","0","2957",
"2020-06-15","142","0","139","7","0","0","2962",
"2020-06-16","142","0","139","7","0","0","2966",
"2020-06-17","142","0","139","7","0","0","2976",
"2020-06-18","142","0","139","7","0","0","2983",
"2020-06-19","142","0","139","7","0","0","2986",
"2020-06-20","142","0","139","7","0","0","2986",
"2020-06-21","142","0","139","7","0","0","2986",
"2020-06-22","142","0","139","7","0","0","3000",
"2020-06-23","142","0","139","7","0","0","3000",
"2020-06-24","142","0","139","7","0","0","3003",
"2020-06-25","142","0","139","7","0","0","3004",
"2020-06-26","142","0","139","7","0","0","3012",
"2020-06-27","142","0","139","7","0","0","3012",
"2020-06-28","142","0","139","7","0","0","3015",
"2020-06-29","142","0","139","7","0","0","3016",
"2020-06-30","142","0","139","7","0","0","3019",
"2020-07-01","142","0","139","7","0","0","3023",
"2020-07-02","142","0","139","7","0","0","3028",
"2020-07-03","142","0","139","7","0","0","3037",
"2020-07-04","142","0","139","7","0","0","3037",
"2020-07-05","142","0","139","7","0","0","3037",
"2020-07-06","142","0","139","7","0","0","3047",
"2020-07-07","142","0","139","7","0","0","3047",
"2020-07-08","144","1","139","7","0","0","3062",
"2020-07-09","145","2","139","7","0","0","3062",
"2020-07-10","145","3","139","7","0","0","3097",
"2020-07-11","148","3","139","7","0","0","3097",
"2020-07-12","148","3","139","7","0","0","3097",
"2020-07-13","148","6","139","7","0","0","3177",
"2020-07-14","148","4","141","7","0","0","3326",
"2020-07-15","148","4","141","7","0","0","3381",
"2020-07-16","149","5","141","7","0","0","3414",
"2020-07-17","149","5","141","7","0","0","3457",
"2020-07-18","149","4","142","7","0","0","3457",
"2020-07-19","151","6","142","7","0","0","3457",
"2020-07-20","153","8","142","7","0","0","3655",
"2020-07-21","155","9","143","7","0","0","3777",
"2020-07-22","157","11","143","7","0","0","3830",
"2020-07-23","162","16","143","7","1","0","5941",
"2020-07-24","172","24","145","7","1","0","6226",
"2020-07-25","186","38","145","7","1","0","6226",
"2020-07-26","186","38","145","7","1","0","6226",
"2020-07-27","192","44","145","7","1","0","6342",
"2020-07-28","210","62","145","7","2","0","6665",
"2020-07-29","231","83","145","7","2","0","7034",
"2020-07-30","324","173","148","7","2","0","8033",
"2020-07-31","395","244","148","7","3","0","8033",
"2020-08-01","453","302","148","7","3","0","8338",
"2020-08-02","517","366","148","7","3","0","8972",
"2020-08-03","554","398","153","7","2","0","9200",
"2020-08-04","637","477","157","7","2","0","9612",
"2020-08-05","714","546","165","7","3","0","10548",
"2020-08-06","784","598","183","7","3","0","11078",
"2020-08-07","884","689","192","7","5","0","11078",
"2020-08-08","968","734","231","7","6","0","14460",
"2020-08-09","1127","871","253","7","7","0","14462",
"2020-08-10","1179","874","299","10","11","0","15757",
"2020-08-11","1242","929","307","10","12","0","15721",
"2020-08-12","1307","976","325","10","12","0","16497",
"2020-08-13","1404","1034","364","10","14","0","16129",
"2020-08-14","1510","1092","411","11","17","0","16129",
"2020-08-15","1558","1123","428","11","17","0","16561",
"2020-08-16","1618","1156","453","13","21","0","18176",
"2020-08-17","1656","1123","523","14","19","0","18502",
"2020-08-18","1689","856","823","14","14","0","18954",
"2020-08-19","1759","814","934","15","14","0","18292",
"2020-08-20","1804","760","1031","17","16","0","18292",
"2020-08-21","1834","681","1139","18","16","0","20148",
"2020-08-22","1864","616","1234","18","15","0","20747",
"2020-08-23","1889","594","1280","19","16","0","22437",
"2020-08-24","1911","531","1361","23","13","0","22650",
"2020-08-25","1943","491","1432","24","12","0","23549",
"2020-08-26","1977","466","1490","25","12","0","23690",
"2020-08-27","2013","427","1564","26","14","0","23690",
"2020-08-28","2056","429","1605","26","16","0","22624",
"2020-08-29","2084","441","1621","26","13","0","22979",
"2020-08-30","2117","446","1648","27","11","0","25614",
"2020-08-31","2139","430","1685","28","11","0","25614",
"2020-09-01","2139","430","1685","28","11","0","25614",
"2020-09-02","2152","398","1729","29","12","0","25883",
"2020-09-03","2172","371","1774","31","12","0","25883",
"2020-09-04","2200","354","1819","31","11","4","25134",
"2020-09-05","2220","345","1847","32","10","4","25134",
"2020-09-06","2220","345","1847","32","10","4","25134",
"2020-09-07","2229","311","1886","36","9","4","29703",
"2020-09-08","2238","298","1906","38","7","4","26337",
"2020-09-09","2244","240","1967","41","6","4","30027",
"2020-09-10","2259","237","1985","41","9","4","31139",
"2020-09-11","2269","222","2010","41","8","4","31139",
"2020-09-12","2280","216","2023","45","7","4","31694",
"2020-09-13","2290","201","2048","45","7","4","27827",
"2020-09-14","2294","198","2055","45","7","4","32570",
"2020-09-15","2297","182","2074","45","8","4","33812",
"2020-09-16","2305","170","2094","45","8","4","34207",
"2020-09-17","2310","154","2115","45","9","4","34484",
"2020-09-18","2322","142","2139","45","9","4","35020",
"2020-09-19","2338","137","2160","45","9","4","35020",
"2020-09-20","2352","146","2165","45","10","4","36091",
"2020-09-21","2358","145","2172","45","10","4","36091",
"2020-09-22","2364","150","2173","45","8","4","36499",
"2020-09-23","2376","157","2178","45","8","4","36832",
"2020-09-24","2382","137","2204","45","7","4","37072",
"2020-09-25","2389","135","2213","45","7","4","37465",
"2020-09-26","2407","149","2216","46","8","4","37958",
"2020-09-27","2427","153","2232","46","8","4","38138",
"2020-09-28","2441","163","2236","46","7","4","38286",
"2020-09-29","2460","170","2248","46","7","4","38566",
"2020-09-30","2486","193","2251","46","5","4","39038",
"2020-10-01","2516","204","2270","46","9","4","39290",
"2020-10-02","2541","226","2273","46","7","4","39901",
"2020-10-03","2569","219","2307","47","6","4","40378",
"2020-10-04","2588","228","2317","47","6","4","40691",
"2020-10-05","2607","245","2319","47","7","4","41088",
"2020-10-06","2629","242","2344","47","8","4","41446",
"2020-10-07","2656","256","2357","47","9","4","42120",
"2020-10-08","2682","273","2366","47","9","4","42581",
"2020-10-09","2710","275","2391","48","9","4","43113",
"2020-10-10","2729","268","2417","48","8","4","44109",
"2020-10-11","2740","260","2436","48","7","4","44353",
"2020-10-12","2754","261","2448","49","6","4","44764",
"2020-10-13","2769","237","2487","49","7","4","45025",
"2020-10-14","2787","240","2500","51","8","4","45430",
"2020-10-15","2826","260","2519","51","9","4","45857",
"2020-10-16","2855","258","2547","54","10","4","46732",
"2020-10-17","2855","258","2547","54","10","4","46732",
"2020-10-18","2918","274","2593","55","8","4","47630",
"2020-10-19","2954","295","2608","55","9","4","47970",
"2020-10-20","2975","296","2628","55","10","4","48352",
"2020-10-21","3012","319","2641","56","8","4","49145",
"2020-10-22","3048","297","2698","57","9","4","49742",
"2020-10-23","3094","318","2722","58","9","4","51072",
"2020-10-24","3134","342","2738","58","9","4","52894",
"2020-10-25","3165","343","2768","58","9","4","53366",
"2020-10-26","3194","356","2784","58","8","4","53755",
"2020-10-27","3217","333","2830","58","9","4","54559",
"2020-10-28","3245","345","2846","58","8","4","56121",
"2020-10-29","3277","343","2878","60","7","4","56978",
"2020-10-30","3304","342","2906","61","7","5","57775",
"2020-10-31","3336","344","2934","63","7","5","57775",
"2020-11-01","3363","341","2964","63","7","5","58299",
"2020-11-02","3373","311","3004","63","6","5","58991",
"2020-11-03","3392","308","3026","63","5","5","59096",
"2020-11-04","3408","297","3053","63","5","5","59589",
"2020-11-05","3435","294","3082","64","5","5","60235",
"2020-11-06","3456","282","3115","64","5","5","60623",
"2020-11-07","3488","277","3152","64","5","5","60962",
"2020-11-08","3518","284","3174","65","6","5","61098",
"2020-11-09","3536","276","3200","65","5","5","61923",
"2020-11-10","3561","264","3237","65","2","5","61958",
"2020-11-11","3597","283","3254","65","4","5","63313",
"2020-11-12","3620","278","3281","66","3","5","63899",
"2020-11-13","3669","300","3308","66","3","5","64314",
"2020-11-14","3696","288","3347","66","3","5","65248",
"2020-11-15","3741","311","3369","66","3","5","65248",
"2020-11-16","3768","308","3399","66","3","5","65248",
"2020-11-17","3792","314","3417","66","2","5","64776",
"2020-11-18","3833","331","3440","67","2","5","65427",
"2020-11-19","3887","355","3469","68","2","5","65911",
"2020-11-20","3925","345","3517","68","2","5","66496",
"2020-11-21","3967","340","3564","68","2","5","67188",
"2020-11-22","3999","345","3591","68","2","5","67432",
"2020-11-23","4015","319","3633","68","3","5","67667",
"2020-11-24","4031","304","3664","68","3","5","68472",
"2020-11-25","4057","303","3691","68","2","5","68811",
"2020-11-26","4131","351","3717","68","4","5","69484",
"2020-11-27","4169","362","3744","68","4","5","71380",
"2020-11-28","4247","396","3788","68","4","5","72029",
"2020-11-29","4294","411","3819","69","5","5","72251",
"2020-11-30","4326","403","3859","69","5","5","72779",
"2020-12-01","4353","404","3885","69","5","5","73253",
"2020-12-02","4398","421","3913","69","3","5","74039",
"2020-12-03","4447","423","3960","69","5","5","74544",
"2020-12-04","4494","432","3995","72","5","5","75018",
"2020-12-05","4535","418","4050","72","4","5","75471",
"2020-12-06","4574","428","4077","74","5","5","75749",
"2020-12-07","4585","396","4120","74","6","5","76441",
"2020-12-08","4613","380","4164","74","7","5","76622",
"2020-12-09","4656","384","4202","75","7","5","77481",
"2020-12-10","4702","385","4247","75","7","5","78065",
"2020-12-11","4735","381","4284","75","6","5","78522",
"2020-12-12","4785","383","4332","75","8","5","79250",
"2020-12-13","4805","369","4366","75","7","5","79687",
"2020-12-14","4824","366","4386","77","7","5","80078",
"2020-12-15","4824","366","4386","77","7","5","80078",
"2020-12-16","4880","358","4450","77","6","5","81311",
"2020-12-17","4898","335","4491","77","7","5","81811",
"2020-12-18","4926","321","4533","77","6","5","82311",
"2020-12-19","4946","301","4573","77","7","5","83408",
"2020-12-20","4968","294","4602","77","6","5","83657",
"2020-12-21","4989","291","4624","79","6","5","83981",
"2020-12-22","5010","279","4657","79","6","5","84362",
"2020-12-23","5047","283","4689","80","5","5","84891",
"2020-12-24","5095","308","4712","80","5","5","85518",
"2020-12-25","5133","312","4746","80","5","5","86213",
"2020-12-26","5169","320","4774","80","5","5","86612",
"2020-12-27","5199","318","4805","81","5","5","86755",
"2020-12-28","5220","322","4822","81","6","5","87774",
"2020-12-29","5260","332","4852","81","5","5","88575",
"2020-12-30","5307","351","4880","81","6","5","88963",
"2020-12-31","5365","387","4902","81","7","5","89846",
"2021-01-01","5413","398","4939","81","7","5","90097",
"2021-01-02","5424","376","4972","81","7","5","90273",
"2021-01-03","5451","373","5002","81","3","5","90347",
"2021-01-04","5487","356","5053","83","3","5","91439",
"2021-01-05","5540","358","5104","83","5","5","92095","JP-47"
"2021-01-06","5611","390","5142","84","6","5","92903","JP-47"
"2021-01-07","5677","440","5158","84","6","5","93560","JP-47"
"2021-01-08","5759","468","5212","84","6","5","94217","JP-47"
"2021-01-09","5829","510","5240","84","5","5","94941","JP-47"
"2021-01-10","5903","544","5280","84","5","5","94941","JP-47"
"2021-01-11","5944","556","5309","84","6","5","95543","JP-47"
"2021-01-12","5971","548","5344","84","6","5","96914","JP-47"
"2021-01-13","6037","551","5406","85","7","5","97679","JP-47"
"2021-01-14","6107","569","5457","86","7","5","98244","JP-47"
"2021-01-15","6181","579","5521","86","7","5","98894","JP-47"
"2021-01-16","6311","645","5585","86","6","5","99456","JP-47"
"2021-01-17","6400","686","5633","86","6","5","101010","JP-47"
"2021-01-18","6467","689","5697","86","7","5","102189","JP-47"
"2021-01-19","6580","747","5752","86","7","5","104697","JP-47"
"2021-01-20","6691","800","5808","88","9","5","110000","JP-47"
"2021-01-21","6759","796","5879","89","7","5","113829","JP-47"
"2021-01-22","6862","825","5952","90","6","5","115456","JP-47"
"2021-01-23","6939","822","6032","90","7","5","115893","JP-47"
"2021-01-26","7139","723","6331","90","5","5","119818","JP-47"
"2021-01-27","7270","794","6391","90","4","5","120561","JP-47"
"2021-01-28","7368","802","6481","90","3","5","121909","JP-47"
"2021-01-29","7431","800","6546","90","5","5","123677","JP-47"
"2021-01-30","7511","812","6614","90","7","5","124179","JP-47"
"2021-01-31","7550","774","6691","90","9","5","125312","JP-47"
"2021-02-01","7585","759","6741","90","7","5","126082","JP-47"
"2021-02-02","7631","726","6818","92","7","5","127156","JP-47"
"2021-02-03","7691","727","6877","92","6","5","128395","JP-47"
"2021-02-04","7749","676","6986","92","6","5","129649","JP-47"
"2021-02-05","7790","673","7030","92","5","5","131009","JP-47"
"2021-02-06","7822","610","7125","92","5","5","131729","JP-47"
"2021-02-07","7842","581","7174","92","4","5","131897","JP-47"
"2021-02-08","7882","589","7204","94","4","5","132962","JP-47"
"2021-02-09","7901","534","7278","94","3","5","133750","JP-47"
"2021-02-10","7928","512","7326","95","3","5","134957","JP-47"
"2021-02-11","7944","479","7373","97","4","5","135314","JP-47"
"2021-02-12","7960","451","7415","99","3","5","135770","JP-47"
"2021-02-13","7971","427","7449","100","2","5","136270","JP-47"
"2021-02-14","7990","379","7515","101","2","5","136508","JP-47"
"2021-02-15","7995","360","7538","102","2","5","137656","JP-47"
"2021-02-16","8008","335","7574","104","2","5","138879","JP-47"
"2021-02-17","8029","332","7598","104","2","5","139601","JP-47"
"2021-02-18","8047","313","7635","104","2","5","140309","JP-47"
"2021-02-19","8047","313","7635","104","2","5","140309","JP-47"
"2021-02-20","8076","296","7674","111","1","5","141091","JP-47"
"2021-02-21","8083","282","7692","114","1","5","141275","JP-47"
"2021-02-22","8093","281","7703","114","1","5","142076","JP-47"
"2021-02-23","8109","282","7718","114","1","5","142263","JP-47"
"2021-02-24","8121","278","7734","114","1","5","142879","JP-47"
"2021-02-25","8136","274","7753","114","1","5","144079","JP-47"
"2021-02-26","8159","272","7774","118","1","5","144617","JP-47"
"2021-02-27","8178","262","7802","119","1","5","144852","JP-47"
"2021-02-28","8193","267","7812","119","1","5","144904","JP-47"
"2021-03-01","8200","269","7817","119","1","5","145625","JP-47"
"2021-03-02","8217","273","7829","120","1","5","145750","JP-47"
"2021-03-03","8235","274","7846","120","1","5","147037","JP-47"
"2021-03-04","8263","285","7863","120","1","5","147531","JP-47"
"2021-03-05","8277","275","7887","120","1","5","148647","JP-47"
"2021-03-06","8306","269","7922","120","1","5","148848","JP-47"
"2021-03-07","8324","276","7933","120","2","5","149139","JP-47"
"2021-03-08","8331","267","7949","120","2","5","149721","JP-47"
"2021-03-09","8354","266","7973","120","2","5","150343","JP-47"
"2021-03-10","8378","269","7993","122","2","6","151156","JP-47"
"2021-03-11","8407","279","8012","122","2","6","151701","JP-47"
"2021-03-12","8445","285","8044","122","1","6","152149","JP-47"
"2021-03-13","8473","285","8072","122","1","6","152548","JP-47"
"2021-03-14","8496","300","8080","122","1","6","152625","JP-47"
"2021-03-15","8512","296","8100","122","2","6","153212","JP-47"
"2021-03-16","8540","299","8125","122","2","6","155117","JP-47"
"2021-03-17","8575","317","8141","123","2","6","155617","JP-47"
"2021-03-18","8618","328","8173","123","3","6","156296","JP-47"
"2021-03-19","8661","344","8200","123","3","6","156296","JP-47"
"2021-03-20","8727","387","8223","123","3","6","157486","JP-47"
"2021-03-21","8751","383","8251","123","2","6","157712","JP-47"
"2021-03-22","8768","372","8279","123","2","6","158584","JP-47"
"2021-03-23","8843","409","8314","126","2","6","159505","JP-47"
"2021-03-24","8911","460","8331","126","2","6","160232","JP-47"
"2021-03-25","8988","496","8372","126","3","6","160567","JP-47"
"2021-03-26","9077","545","8411","127","3","6","161176","JP-47"
"2021-03-27","9175","582","8472","127","3","6","161688","JP-47"
"2021-03-28","9242","609","8512","127","3","6","161688","JP-47"
"2021-03-29","9284","587","8575","128","5","6","163067","JP-47"
"2021-03-30","9371","627","8622","128","5","6","163642","JP-47"
"2021-03-31","9482","697","8663","128","4","6","164199","JP-47"
"2021-04-01","9575","719","8734","128","4","6","164199","JP-47"
"2021-04-02","9678","765","8791","128","2","6","164199","JP-47"
"2021-04-03","9795","809","8864","128","2","6","167146","JP-47"
"2021-04-04","9891","842","8927","128","2","6","167146","JP-47"
"2021-04-05","9941","792","9026","129","2","6","168321","JP-47"
"2021-04-06","10039","873","9043","129","2","6","169174","JP-47"
"2021-04-07","10194","963","9108","129","3","6","169174","JP-47"
"2021-04-08","10194","963","9108","129","3","6","171448","JP-47"
"2021-04-09","10334","1033","9178","129","4","6","171378","JP-47"
"2021-04-10","10611","1178","9310","129","5","6","171706","JP-47"
"2021-04-11","10704","1219","9362","129","6","6","171706","JP-47"
"2021-04-12","10741","1130","9488","129","9","6","173748","JP-47"
"2021-04-13","10866","1152","9590","130","7","6","174924","JP-47"
"2021-04-14","11003","1219","9660","130","11","6","175496","JP-47"
"2021-04-15","11137","1227","9786","130","11","6","176389","JP-47"
"2021-04-16","11240","1209","9907","130","13","6","177513","JP-47"
"2021-04-17","11397","1255","10018","130","11","6","178411","JP-47"
"2021-04-18","11489","1262","10103","130","12","6","178411","JP-47"
"2021-04-19","11521","1192","10205","130","11","6","179773","JP-47"
"2021-04-20","11652","1251","10277","130","10","6","181529","JP-47"
"2021-04-21","11747","1293","10330","130","10","6","183347","JP-47"
"2021-04-22","11867","1313","10430","130","9","6","183885","JP-47"
"2021-04-23","11952","1285","10540","133","10","6","185402","JP-47"
"2021-04-24","12069","1289","10653","133","11","6","185656","JP-47"
"2021-04-25","12135","1260","10748","133","9","6","185656","JP-47"
"2021-04-26","12179","1171","10881","133","9","6","187493","JP-47"
"2021-04-27","12265","1126","11011","134","12","6","187584","JP-47"
"2021-04-28","12328","1121","11079","134","10","6","153328","JP-47"
"2021-04-29","12404","1147","11129","134","12","6","153328","JP-47"
"2021-04-30","12463","1119","11214","136","10","6","191141","JP-47"
"2021-05-01","12568","1153","11284","137","9","6","191970","JP-47"
"2021-05-02","12625","1141","11353","137","8","6","191970","JP-47"
"2021-05-03","12682","1086","11465","137","8","6","193254","JP-47"
"2021-05-04","12715","1002","11582","137","8","6","193254","JP-47"
"2021-05-05","12778","1021","11626","137","9","6","193823","JP-47"
"2021-05-06","12817","995","11691","137","10","6","194850","JP-47"
"2021-05-07","12899","1026","11741","138","9","6","195596","JP-47"
"2021-05-08","12992","1044","11816","138","10","6","195912","JP-47"
"2021-05-09","13095","1096","11867","138","9","6","195912","JP-47"
"2021-05-10","13131","1089","11909","139","10","6","197765","JP-47"
"2021-05-11","13263","1153","11977","139","13","6","198729","JP-47"
"2021-05-12","13372","1191","12047","140","15","6","199885","JP-47"
"2021-05-13","13487","1260","12093","140","14","6","200489","JP-47"
"2021-05-14","13621","1357","12130","140","12","6","201879","JP-47"
"2021-05-15","13781","1447","12199","141","12","6","202299","JP-47"
"2021-05-16","13859","1478","12246","141","10","6","202299","JP-47"
"2021-05-17","13918","1461","12321","142","11","6","204062","JP-47"
"2021-05-18","14086","1533","12413","146","48","6","205055","JP-47"
"2021-05-19","14289","1639","12510","146","45","6","205955","JP-47"
"2021-05-20","14487","1740","12606","147","47","6","207045","JP-47"
"2021-05-21","14694","1778","12774","148","53","6","208957","JP-47"
"2021-05-22","14925","1899","12884","148","51","6","209874","JP-47"
"2021-05-23","15081","1959","12980","148","59","6","209874","JP-47"
"2021-05-24","15185","1783","13260","148","60","6","210922","JP-47"
"2021-05-25","15441","1910","13389","148","64","6","210922","JP-47"
"2021-05-26","15743","2094","13507","148","64","6","212932","JP-47"
"2021-05-27","15983","2208","13633","148","73","6","214152","JP-47"
"2021-05-28","16296","2364","13790","148","72","6","215732","JP-47"
"2021-05-29","16631","2491","13998","148","76","6","217945","JP-47"
"2021-05-30","16902","2621","14139","148","82","6","218375","JP-47"
"2021-05-31","17044","2569","14331","150","82","6","219572","JP-47"
"2021-06-01","17267","2674","14448","151","88","6","220905","JP-47"
"2021-06-02","17564","2700","14718","152","84","6","221787","JP-47"
"2021-06-03","17808","2754","14907","153","87","6","223114","JP-47"
"2021-06-04","18055","2744","15164","153","89","6","224578","JP-47"
"2021-06-05","18316","2756","15413","153","85","6","224918","JP-47"
"2021-06-06","18499","2730","15622","153","88","6","224918","JP-47"
"2021-06-07","18603","2569","15886","154","83","6","226946","JP-47"
"2021-06-08","18762","2497","16117","154","80","6","228548","JP-47"
"2021-06-09","18936","2481","16305","156","74","6","229394","JP-47"
"2021-06-10","19102","2424","16528","156","86","6","230247","JP-47"
"2021-06-11","19247","2287","16810","156","85","6","231850","JP-47"
"2021-06-12","19404","2266","16985","159","78","6","232351","JP-47"
"2021-06-13","19508","2226","17129","159","79","6","235918","JP-47"
"2021-06-15","19669","1974","17538","163","75","6","237686","JP-47"
"2021-06-16","19784","1998","17629","163","68","6","238845","JP-47"
"2021-06-17","19881","1826","17894","167","70","6","240693","JP-47"
"2021-06-18","19967","1650","18156","167","71","6","241509","JP-47"
"2021-06-19","20064","1590","18313","167","64","6","242376","JP-47"
"2021-06-20","20125","1564","18400","167","65","6","242759","JP-47"
"2021-06-21","20158","1500","18497","167","61","6","243438","JP-47"
"2021-06-22","20232","1498","18569","171","64","6","244208","JP-47"
"2021-06-23","20328","1504","18659","171","66","6","245544","JP-47"
"2021-06-24","20390","1411","18810","175","64","6","246279","JP-47"
"2021-06-25","20472","1351","18948","179","67","6","247247","JP-47"
"2021-06-26","20546","1262","19111","179","63","6","247994","JP-47"
"2021-06-27","20607","1207","19227","179","64","6","248208","JP-47"
"2021-06-28","20632","1107","19350","181","61","6","249040","JP-47"
"2021-06-29","20716","1115","19426","181","58","6","249853","JP-47"
"2021-06-30","20783","1129","19477","183","58","6","249853","JP-47"
"2021-07-01","20846","1037","19628","187","54","6","251775","JP-47"
"2021-07-02","20907","951","19771","191","52","6","252608","JP-47"
"2021-07-03","20983","959","19839","191","47","6","253501","JP-47"
"2021-07-04","21017","925","19907","191","45","6","253685","JP-47"
"2021-07-05","21045","913","19947","191","47","6","254367","JP-47"
"2021-07-06","21107","782","20135","196","46","6","255494","JP-47"
"2021-07-07","21165","768","20207","196","46","6","256385","JP-47"
"2021-07-08","21200","684","20321","201","50","6","257125","JP-47"
"2021-07-09","21255","660","20395","206","47","6","258148","JP-47"
"2021-07-10","21319","668","20451","206","43","6","258879","JP-47"
"2021-07-11","21349","650","20499","206","44","6","259185","JP-47"
"2021-07-12","21377","618","20559","206","44","6","260219","JP-47"
"2021-07-13","21442","580","20662","206","40","6","260989","JP-47"
"2021-07-14","21525","602","20718","211","34","6","262038","JP-47"
"2021-07-15","21585","585","20791","215","33","6","265983","JP-47"
"2021-07-16","21661","609","20843","215","34","6","266892","JP-47"
"2021-07-17","21742","658","20875","215","38","6","266892","JP-47"
"2021-07-18","21812","691","20912","215","37","6","268120","JP-47"
"2021-07-19","21847","633","20987","220","42","7","269007","JP-47"
"2021-07-20","22001","718","21058","220","40","5","269851","JP-47"
"2021-07-21","22170","834","21088","224","37","24","271697","JP-47"
"2021-07-22","22323","966","21135","224","39","2","272364","JP-47"
"2021-07-23","22423","997","21188","224","41","14","272699","JP-47"
"2021-07-24","22522","1045","21238","228","33","11","274041","JP-47"
"2021-07-25","22731","1186","21285","231","36","29","274412","JP-47"
"2021-07-26","22847","1215","21376","233","45","23","275498","JP-47"
"2021-07-27","23201","1445","21497","233","44","26","276698","JP-47"
"2021-07-28","23548","1715","21595","233","44","5","278430","JP-47"
"2021-07-29","23940","1967","21722","235","48","16","279889","JP-47"
"2021-07-30","24322","2197","21858","236","57","31","281074","JP-47"
"2021-07-31","24761","2501","22018","236","64","6","283936","JP-47"
"2021-08-01","25128","2700","22141","236","60","51","284333","JP-47"
"2021-08-02","25337","2789","22278","236","68","34","285810","JP-47"
"2021-08-03","25804","3057","22467","237","60","43","287449","JP-47"
"2021-08-04","26406","3459","22678","237","68","32","289312","JP-47"
"2021-08-05","27054","3996","22779","238","67","41","291691","JP-47"
"2021-08-06","27619","4142","23196","239","69","42","294855","JP-47"
"2021-08-07","28167","4580","23287","239","79","61","296244","JP-47"
"2021-08-08","28741","4659","23774","239","82","69","296869","JP-47"
"2021-08-09","29073","4649","24113","240","86","71","297423","JP-47"
"2021-08-10","29405","4614","24452","242","92","97","298938","JP-47"
"2021-08-11","30043","4784","24967","242","93","50","302154","JP-47"
"2021-08-12","30775","5093","25380","243","97","59","304022","JP-47"
"2021-08-13","31496","5287","25852","243","101","114","305870","JP-47"
"2021-08-14","32248","5529","26334","245","97","140","309884","JP-47"
"2021-08-15","32909","5607","26887","245","95","170","310645","JP-47"
"2021-08-16","33248","5381","27466","246","104","155","312049","JP-47"
"2021-08-17","33932","5590","27945","247","107","150","313751","JP-47"
"2021-08-18","34693","5865","28432","247","103","149","315128","JP-47"
"2021-08-19","35461","6189","28839","248","108","185","317516","JP-47"
"2021-08-20","36204","6504","29234","248","118","218","320491","JP-47"
"2021-08-21","36882","6509","29941","248","117","184","321707","JP-47"
"2021-08-22","37468","6610","30452","248","122","158","323644","JP-47"
"2021-08-23","37748","6244","31065","249","120","190","323799","JP-47"
"2021-08-24","38498","6363","31771","249","109","115","327368","JP-47"
"2021-08-25","39307","6606","32320","249","102","132","330449","JP-47"
"2021-08-26","39987","6698","32874","252","113","163","335402","JP-47"
"2021-08-27","40679","6719","33520","255","121","185","336420","JP-47"
"2021-08-28","41334","6537","34398","255","119","144","337572","JP-47"
"2021-08-29","41914","6514","34954","258","119","188","338169","JP-47"
"2021-08-30","42121","6221","35512","258","113","130","339639","JP-47"
"2021-08-31","42675","6120","36129","258","116","168","341011","JP-47"
"2021-09-01","43210","6155","36649","258","116","148","343733","JP-47"
"2021-09-02","43775","6147","37177","258","139","193","345943","JP-47"
"2021-09-03","44282","6109","37699","261","130","213","347766","JP-47"
"2021-09-04","44282","6109","37699","261","130","213","347766","JP-47"
"2021-09-05","44282","6109","37699","261","130","213","349832","JP-47"
"2021-09-06","45374","5433","39349","265","125","327","351201","JP-47"
"2021-09-07","45757","5247","39880","267","130","363","354139","JP-47"
"2021-09-08","46170","5276","40298","269","125","327","355568","JP-47"
"2021-09-09","46506","5194","40699","269","115","344","358178","JP-47"
"2021-09-10","46781","5028","41108","270","121","375","359503","JP-47"
"2021-09-11","47051","4900","41468","273","109","410","364924","JP-47"
"2021-09-12","47324","4759","41899","273","104","393","365493","JP-47"
"2021-09-13","47464","4543","42199","273","95","449","366895","JP-47"
"2021-09-14","47748","4479","42473","273","82","523","368681","JP-47"
"2021-09-15","48003","4426","42796","276","83","505","370206","JP-47"
"2021-09-16","48232","4293","43096","278","81","565","371869","JP-47"
"2021-09-17","48417","3999","43611","282","77","525","374589","JP-47"
"2021-09-18","48593","3580","44300","286","65","427","375642","JP-47"
"2021-09-19","48700","2939","45095","286","64","380","376513","JP-47"
"2021-09-20","48780","2466","45655","290","62","369","377142","JP-47"
"2021-09-21","48835","2153","46199","293","66","190","378466","JP-47"
"2021-09-22","48997","1820","46738","293","60","146","379999","JP-47"
"2021-09-23","49138","1715","46973","293","53","157","381053","JP-47"
"2021-09-24","49199","1560","47201","297","51","141","381960","JP-47"
"2021-09-25","49314","1410","47476","297","52","131","383167","JP-47"
"2021-09-26","49385","1348","47615","297","51","125","383471","JP-47"
"2021-09-27","49425","1218","47763","297","51","147","384929","JP-47"
"2021-09-28","49482","1109","47934","302","44","137","385883","JP-47"
"2021-09-29","49551","1033","48065","302","42","151","386989","JP-47"
"2021-09-30","49615","973","48171","307","38","164","388564","JP-47"
"2021-10-01","49656","924","48245","312","34","175","389869","JP-47"
"2021-10-02","49699","877","48356","317","31","149","390546","JP-47"
"2021-10-03","49728","843","48420","317","30","148","390937","JP-47"
"2021-10-04","49737","774","48482","323","24","158","391715","JP-47"
"2021-10-05","49775","721","48594","327","17","133","392841","JP-47"
"2021-10-06","49805","687","48667","327","17","124","393577","JP-47"
"2021-10-07","49821","477","48932","332","17","80","394290","JP-47"
"2021-10-08","49850","385","49071","336","15","58","394743","JP-47"
"2021-10-10","49879","314","49176","341","12","48","395225","JP-47"
"2021-10-11","49886","277","49209","345","8","55","395988","JP-47"
"2021-10-12","49915","275","49249","345","4","46","396977","JP-47"
"2021-10-13","49947","277","49274","350","3","46","397898","JP-47"
"2021-10-14","49980","250","49336","356","3","38","398976","JP-47"
"2021-10-15","50011","259","49353","362","1","37","399599","JP-47"
"2021-10-16","50036","252","49391","362","3","31","399599","JP-47"
"2021-10-17","50043","245","49404","362","3","32","400252","JP-47"
"2021-10-18","50059","243","49424","365","4","27","401073","JP-47"
"2021-10-19","50088","251","49444","365","6","28","402079","JP-47"
"2021-10-20","50108","253","49463","365","5","27","402612","JP-47"
"2021-10-21","50126","251","49478","368","6","29","403395","JP-47"
"2021-10-22","50140","217","49528","368","7","27","403974","JP-47"
"2021-10-23","50149","191","49565","368","8","25","404626","JP-47"
"2021-10-24","50162","183","49582","372","7","25","404871","JP-47"
"2021-10-25","50167","166","49602","372","5","27","405673","JP-47"
"2021-10-26","50179","157","49620","376","5","26","406394","JP-47"
"2021-10-27","50197","162","49630","376","5","29","406845","JP-47"
"2021-10-28","50206","149","49656","380","4","21","407437","JP-47"
"2021-10-29","50212","139","49673","380","4","20","407959","JP-47"
"2021-10-30","50223","120","49698","380","1","25","408627","JP-47"
"2021-10-31","50225","118","49698","383","1","26","408750","JP-47"
"2021-11-01","50226","106","49704","387","2","29","409464","JP-47"
"2021-11-02","50237","104","49714","391","1","28","410088","JP-47"
"2021-11-03","50243","90","49735","395","0","23","410485","JP-47"
"2021-11-04","50251","90","49743","396","0","22","410917","JP-47"
"2021-11-05","50266","98","49750","396","2","22","411548","JP-47"
"2021-11-06","50269","87","49763","396","2","23","411978","JP-47"
"2021-11-07","50273","87","49769","396","3","21","412038","JP-47"
"2021-11-08","50275","83","49773","396","3","23","412904","JP-47"
"2021-11-09","50279","73","49788","397","3","21","413551","JP-47"
"2021-11-10","50284","69","49802","397","1","16","414071","JP-47"
"2021-11-11","50287","67","49815","397","1","8","414514","JP-47"
"2021-11-12","50287","67","49815","397","1","8","414514","JP-47"
"2021-11-13","50291","61","49826","398","0","6","415189","JP-47"
"2021-11-14","50292","61","49828","398","0","5","415239","JP-47"
"2021-11-15","50292","55","49836","398","1","3","416036","JP-47"
"2021-11-16","50295","40","49853","398","0","4","416834","JP-47"
"2021-11-17","50295","25","49867","398","0","5","417336","JP-47"
"2021-11-18","50295","17","49878","398","0","2","417676","JP-47"
"2021-11-19","50297","15","49889","398","0","5","418185","JP-47"
"2021-11-20","50298","12","49894","398","1","6","418498","JP-47"
"2021-11-21","50298","12","49894","398","1","6","418698","JP-47"
"2021-11-22","50300","14","49894","398","1","6","419219","JP-47"
"2021-11-23","50302","12","49898","398","0","6","419727","JP-47"
"2021-11-24","50302","11","49899","398","0","6","420219","JP-47"
"2021-11-25","50304","12","49900","398","0","6","420842","JP-47"
"2021-11-26","50307","12","49903","398","0","6","421405","JP-47"
"2021-11-27","50309","12","49905","398","0","6","421777","JP-47"
"2021-11-28","50310","14","49904","398","0","6","421828","JP-47"
"2021-11-29","50311","11","49906","398","0","4","422555","JP-47"
"2021-11-30","50314","13","49909","398","1","6","423083","JP-47"
"2021-12-01","50315","13","49910","398","0","6","423665","JP-47"
"2021-12-02","50317","15","49910","398","0","6","424178","JP-47"
"2021-12-03","50322","18","49912","398","0","6","424644","JP-47"
"2021-12-04","50326","18","49915","398","0","5","425004","JP-47"
"2021-12-05","50331","23","49916","398","0","6","425069","JP-47"
"2021-12-06","50335","25","49917","398","0","5","425592","JP-47"
"2021-12-07","50338","27","49919","398","0","6","426293","JP-47"
"2021-12-08","50340","24","49923","398","0","5","427074","JP-47"
"2021-12-09","50340","24","49924","398","0","6","427521","JP-47"
"2021-12-10","50344","25","49926","398","0","5","428249","JP-47"
"2021-12-11","50350","25","49931","398","0","4","428582","JP-47"
"2021-12-12","50355","24","49934","398","0","1","428652","JP-47"
"2021-12-13","50356","26","49935","398","0","3","429061","JP-47"
"2021-12-14","50360","30","49937","398","0","5","429394","JP-47"
"2021-12-15","50364","28","49942","398","0","4","430256","JP-47"
"2021-12-16","50370","31","49944","398","0","3","430741","JP-47"
"2021-12-17","50371","28","49946","398","0","1","431315","JP-47"
"2021-12-18","50377","33","49950","398","0","4","431665","JP-47"
"2021-12-19","50380","33","49953","398","0","4","431715","JP-47"
"2021-12-20","50382","32","49955","398","0","3","432210","JP-47"
"2021-12-21","50393","40","49956","398","0","1","433301","JP-47"
"2021-12-22","50399","43","49958","398","1","0","434235","JP-47"
"2021-12-23","50424","70","49962","398","1","6","434959","JP-47"
"2021-12-24","50457","100","49963","398","3","4","435531","JP-47"
"2021-12-25","50486","122","49972","398","3","6","436090","JP-47"
"2021-12-26","50507","140","49975","398","6","6","436354","JP-47"
"2021-12-27","50512","138","49979","398","6","3","437184","JP-47"
"2021-12-28","50541","164","49980","398","7","1","438045","JP-47"
"2021-12-29","50568","181","49994","398","6","5","439452","JP-47"
"2021-12-30","50618","228","49998","398","5","6","439983","JP-47"
"2021-12-31","50662","259","50010","398","7","5","440535","JP-47"
"2022-01-01","50714","304","50018","398","7","6","440726","JP-47"
"2022-01-02","50765","342","50029","398","5","4","441567","JP-47"
"2022-01-03","50895","457","50046","398","7","6","441752","JP-47"
"2022-01-04","51120","669","50055","398","13","2","443324","JP-47"
"2022-01-05","51743","1285","50065","398","19","5","445219","JP-47"
"2022-01-06","52724","2252","50079","398","18","5","447584","JP-47"
"2022-01-07","54138","3649","50095","398","14","4","450643","JP-47"
"2022-01-08","55897","5335","50168","398","17","4","454696","JP-47"
"2022-01-09","57430","6796","50238","398","18","2","456003","JP-47"
"2022-01-10","58209","7511","50303","398","23","3","458279","JP-47"
"2022-01-11","58984","8178","50413","398","27","5","462601","JP-47"
"2022-01-12","60628","9597","50638","398","37","5","466898","JP-47"
"2022-01-13","62445","10956","51097","398","35","6","470397","JP-47"
"2022-01-14","64041","11618","52025","398","34","0","474002","JP-47"
"2022-01-15","64041","11618","52025","398","34","0","476682","JP-47"
"2022-01-16","67096","12186","54510","398","30","2","480797","JP-47"
"2022-01-17","67626","11313","55911","398","34","4","483290","JP-47"
"2022-01-18","69069","11362","57315","398","40","6","487907","JP-47"
"2022-01-19","70502","11509","58601","398","43","6","491278","JP-47"
"2022-01-20","71811","11326","60064","398","37","23","499476","JP-47"
"2022-01-21","73047","11096","61559","398","41","6","502064","JP-47"
"2022-01-22","74360","10943","63017","399","41","1","505076","JP-47"
"2022-01-23","75316","10943","63977","399","39","3","505076","JP-47"
"2022-01-24","75927","10225","65280","399","41","23","513855","JP-47"
"2022-01-25","77102","10146","66528","399","47","29","516943","JP-47"
"2022-01-26","78358","9971","67949","399","41","39","519822","JP-47"
"2022-01-27","79458","9883","69151","399","42","25","524214","JP-47"
"2022-01-28","80531","9578","70552","399","44","2","526840","JP-47"
"2022-01-29","81510","9432","71670","399","46","9","529335","JP-47"
"2022-01-30","82348","9165","72770","399","41","14","531217","JP-47"
"2022-01-31","82828","8592","73821","399","36","16","534538","JP-47"
"2022-02-01","83543","7845","75275","402","38","21","538559","JP-47"
"2022-02-02","84327","7451","76465","405","35","6","540756","JP-47"
"2022-02-03","84979","7138","77430","405","35","6","542928","JP-47"
"2022-02-04","85608","6752","78452","405","36","1","544949","JP-47"
"2022-02-05","86279","6405","79467","407","36","0","547087","JP-47"
"2022-02-06","86790","6096","80273","407","33","14","548400","JP-47"
"2022-02-07","87106","5597","81097","410","33","2","550236","JP-47"
"2022-02-08","87788","5562","81794","410","28","22","552487","JP-47"
"2022-02-09","88482","5577","82473","413","33","19","554122","JP-47"
"2022-02-10","89181","5662","83080","415","27","24","556763","JP-47"
"2022-02-11","89824","5683","83705","415","28","21","558029","JP-47"
"2022-02-12","90158","5319","84404","418","27","17","559318","JP-47"
"2022-02-13","90707","5241","85030","418","30","18","560218","JP-47"
"2022-02-14","90993","4910","85631","421","31","31","561931","JP-47"
"2022-02-15","91714","4991","86257","421","28","45","564944","JP-47"
"2022-02-16","92374","5076","86871","421","25","6","566319","JP-47"
"2022-02-17","93076","5219","87442","421","25","6","567515","JP-47"
"2022-02-18","93757","5239","88102","421","24","5","568991","JP-47"
"2022-02-19","94423","5220","88784","422","26","3","570805","JP-47"
"2022-02-20","94950","5187","89340","422","27","1","571933","JP-47"
"2022-02-21","95265","5000","89837","422","28","6","573893","JP-47"
"2022-02-22","95939","5220","90286","423","26","10","578265","JP-47"
"2022-02-23","96676","5377","90862","423","24","14","579672","JP-47"
"2022-02-24","97045","5203","91414","426","24","2","581671","JP-47"
"2022-02-25","97798","5278","92100","426","24","6","583793","JP-47"
"2022-02-26","98652","5447","92785","426","24","6","587214","JP-47"
"2022-02-27","99238","5433","93384","426","21","5","588380","JP-47"
"2022-02-28","99580","5326","93830","426","24","2","590725","JP-47"
"2022-03-01","100609","5668","94514","426","21","1","592763","JP-47"
"2022-03-02","101575","6062","95084","426","21","3","594666","JP-47"
"2022-03-03","102571","6474","95659","429","18","9","596851","JP-47"
"2022-03-04","103340","6676","96223","429","16","12","600130","JP-47"
"2022-03-05","104240","6889","96908","429","15","14","603891","JP-47"
"2022-03-06","104776","6691","97661","429","15","5","605333","JP-47"
"2022-03-07","105054","6299","98321","429","19","5","606972","JP-47"
"2022-03-08","105878","6352","99094","430","17","2","608986","JP-47"
"2022-03-09","106661","6416","99816","430","18","1","610952","JP-47"
"2022-03-10","107310","6252","100623","430","19","5","616823","JP-47"
"2022-03-11","108054","6011","101619","430","15","6","618686","JP-47"
"2022-03-12","108733","5763","102533","430","13","7","620885","JP-47"
"2022-03-14","109569","5051","104094","430","17","6","624067","JP-47"
"2022-03-15","110139","4968","104738","433","13","0","627710","JP-47"
"2022-03-16","110966","5160","105370","433","14","3","629465","JP-47"
"2022-03-17","111684","5270","105980","433","13","1","631526","JP-47"
"2022-03-18","111684","5270","105980","433","13","1","633528","JP-47"
"2022-03-19","113104","5288","107381","437","5","2","635220","JP-47"
"2022-03-20","113781","5356","107989","437","6","1","636350","JP-47"
"2022-03-21","114081","5048","108598","437","6","2","637281","JP-47"
"2022-03-22","114407","4787","109184","437","4","1","638807","JP-47"
"2022-03-23","115320","5146","109737","438","7","1","641390","JP-47"
"2022-03-24","116301","5530","110331","438","8","2","643580","JP-47"
"2022-03-25","117126","5678","111016","438","8","6","645759","JP-47"
"2022-03-27","118843","5945","112465","438","9","5","649253","JP-47"
"2022-03-28","119205","5697","113076","438","8","6","651104","JP-47"
"2022-03-29","120189","6013","113740","438","4","2","652827","JP-47"
"2022-03-30","121209","6448","114327","439","4","5","656252","JP-47"
"2022-03-31","122341","6919","114987","441","5","6","658752","JP-47"
"2022-04-01","123466","7347","115684","441","7","6","658752","JP-47"
"2022-04-02","124639","7672","116531","441","8","5","664154","JP-47"
"2022-04-03","125706","7920","117336","441","7","9","665645","JP-47"
"2022-04-04","126214","7679","118100","441","7","6","667803","JP-47"
"2022-04-05","127423","8114","118874","441","9","6","670313","JP-47"
"2022-04-06","128833","8728","119665","441","11","1","673710","JP-47"
"2022-04-07","130188","9144","120609","441","6","6","676106","JP-47"
"2022-04-08","131516","9504","121574","441","5","3","680596","JP-47"
"2022-04-09","133040","9950","122655","441","7","6","683069","JP-47"
"2022-04-10","134193","10042","123706","441","6","4","684852","JP-47"
"2022-04-11","134770","9646","124689","441","9","6","687429","JP-47"
"2022-04-12","136279","10119","125712","441","9","7","689584","JP-47"
"2022-04-13","137935","10755","126728","441","8","11","693771","JP-47"
"2022-04-14","139361","11092","127826","441","10","2","696752","JP-47"
"2022-04-15","140891","11355","129097","441","9","2","702108","JP-47"
"2022-04-16","142330","11491","130397","442","12","0","704970","JP-47"
"2022-04-17","143645","11353","131853","442","11","3","706596","JP-47"
"2022-04-18","144220","10785","132990","443","9","2","709324","JP-47"
"2022-04-19","145767","10996","134334","443","8","6","715563","JP-47"
"2022-04-20","147348","11279","135612","443","8","14","719209","JP-47"
"2022-04-21","148921","11486","136977","445","6","13","723020","JP-47"
"2022-04-22","150342","11504","138383","445","5","10","725992","JP-47"
"2022-04-23","152004","11725","139822","445","6","12","728900","JP-47"
"2022-04-24","153315","11722","141136","445","6","12","730677","JP-47"
"2022-04-25","153804","10987","142356","447","6","14","733089","JP-47"
"2022-04-26","155222","11075","143673","447","5","27","736733","JP-47"
"2022-04-27","156841","11387","144983","447","4","24","738819","JP-47"
"2022-04-28","158524","11762","146291","447","6","24","741539","JP-47"
"2022-04-29","160109","11815","147813","447","7","34","744013","JP-47"
"2022-04-30","160976","11152","149354","447","8","23","745869","JP-47"
"2022-05-01","162530","11195","150867","447","8","21","747455","JP-47"
"2022-05-02","163300","10836","152004","447","8","13","752392","JP-47"
"2022-05-03","165061","11183","153417","447","10","14","754634","JP-47"
"2022-05-04","166262","11254","154559","447","12","2","755949","JP-47"
"2022-05-05","167589","11371","155751","447","13","20","757181","JP-47"
"2022-05-06","168987","11493","157036","448","15","10","760463","JP-47"
"2022-05-07","171362","12198","158722","448","17","6","764027","JP-47"
"2022-05-08","173422","12990","159989","448","16","5","766145","JP-47"
"2022-05-09","174493","12727","161323","448","15","5","768801","JP-47"
"2022-05-10","176720","13686","162590","450","18","6","772044","JP-47"
"2022-05-11","179422","15002","163961","453","19","6","775238","JP-47"
"2022-05-12","181752","15688","165614","453","19","3","778946","JP-47"
"2022-05-13","183994","16338","167207","453","16","4","782066","JP-47"
"2022-05-14","186458","17086","168923","455","12","6","786148","JP-47"
"2022-05-15","188480","17640","170389","455","12","4","789222","JP-47"
"2022-05-16","189570","16925","172174","455","12","16","792916","JP-47"
"2022-05-17","191743","17291","173970","455","15","27","799229","JP-47"
"2022-05-18","194303","17997","175814","455","15","37","803597","JP-47"
"2022-05-19","196610","18243","177885","455","15","27","807457","JP-47"
"2022-05-20","198865","17979","180427","455","13","4","811093","JP-47"
"2022-05-21","201080","17792","182830","457","12","1","813612","JP-47"
"2022-05-22","202830","17488","184851","457","14","34","815530","JP-47"
"2022-05-23","203492","16263","186722","459","14","48","818477","JP-47"
"2022-05-24","205410","16407","188507","459","15","37","821441","JP-47"
"2022-05-25","207491","16480","190514","459","12","38","824918","JP-47"
"2022-05-26","209094","15885","192711","459","11","39","827447","JP-47"
"2022-05-27","210632","15340","194828","459","11","5","830355","JP-47"
"2022-05-28","212141","14640","197048","459","10","6","833544","JP-47"
"2022-05-29","213314","13853","199003","459","11","1","835755","JP-47"
"2022-05-30","213780","12466","200815","460","12","39","846212","JP-47"
"2022-05-31","215249","12259","202450","460","11","80","849218","JP-47"
"2022-06-01","216721","12328","203832","460","12","101","851413","JP-47"
"2022-06-02","218094","11942","205631","460","12","61","854007","JP-47"
"2022-06-03","219420","11365","207539","462","10","54","856310","JP-47"
"2022-06-04","220761","11168","209066","462","9","65","856310","JP-47"
"2022-06-05","222008","10882","210593","462","10","71","860010","JP-47"
"2022-06-06","222443","9995","211885","466","9","97","862370","JP-47"
"2022-06-07","223910","10284","213081","466","11","79","865541","JP-47"
"2022-06-08","225467","10811","214098","466","12","92","868515","JP-47"
"2022-06-09","226820","10845","215418","466","14","91","871198","JP-47"
"2022-06-10","228260","11123","216575","470","9","92","874331","JP-47"
"2022-06-11","229628","11040","218035","470","11","83","877173","JP-47"
"2022-06-12","230754","10993","219204","470","11","87","878889","JP-47"
"2022-06-13","231247","10335","220343","473","10","96","883038","JP-47"
"2022-06-14","232589","10583","221430","473","9","103","886928","JP-47"
"2022-06-15","233968","10755","222651","476","7","86","890316","JP-47"
"2022-06-16","235372","10936","223880","476","7","80","892372","JP-47"
"2022-06-17","236589","10669","225359","480","7","81","895588","JP-47"
"2022-06-18","237857","10366","226922","480","5","89","897722","JP-47"
"2022-06-19","238869","10220","228076","480","6","93","899535","JP-47"
"2022-06-20","239291","9461","229259","482","3","89","901716","JP-47"
"2022-06-21","240712","9771","230357","482","6","102","903855","JP-47"
"2022-06-22","242292","10296","231432","482","7","82","906930","JP-47"
"2022-06-23","243834","10514","232753","482","7","85","909625","JP-47"
"2022-06-24","245009","10382","234072","484","8","71","913101","JP-47"
"2022-06-25","246508","10600","235335","484","9","89","915821","JP-47"
"2022-06-26","247776","10736","236471","484","11","85","917197","JP-47"
"2022-06-27","248379","10281","237527","484","11","87","919376","JP-47"
"2022-06-28","250123","10937","238606","487","11","93","922237","JP-47"
"2022-06-29","251832","11511","239752","487","11","82","924738","JP-47"
"2022-06-30","253559","11963","241048","487","8","61","927329","JP-47"
"2022-07-01","255102","12245","242314","487","6","56","931411","JP-47"
"2022-07-02","256797","12406","243848","487","8","56","932801","JP-47"
"2022-07-03","257993","12518","244917","487","9","71","931519","JP-47"
"2022-07-04","258661","12273","245839","491","8","58","935308","JP-47"
"2022-07-05","260927","13054","247313","491","10","69","937740","JP-47"
"2022-07-06","263168","13920","248693","491","9","64","939287","JP-47"
"2022-07-07","265557","14896","250145","493","12","23","944279","JP-47"
"2022-07-08","267974","15788","251648","493","14","45","947954","JP-47"
"2022-07-09","270492","16320","253629","493","13","50","951482","JP-47"
"2022-07-10","272950","17372","255024","493","13","61","953024","JP-47"
"2022-07-11","273893","16915","256438","493","13","47","955899","JP-47"
"2022-07-12","277329","18704","258064","497","14","64","962994","JP-47"
"2022-07-13","280847","20554","259752","497","19","44","967037","JP-47"
"2022-07-14","284412","22258","261620","497","19","37","970380","JP-47"
"2022-07-15","287874","23607","263727","497","15","43","972737","JP-47"
"2022-07-16","291778","25226","266014","497","16","41","978003","JP-47"
"2022-07-17","295943","27050","268334","497","16","62","980805","JP-47"
"2022-07-18","297933","28911","268455","497","17","70","982001","JP-47"
"2022-07-19","299988","28696","270716","497","17","79","985887","JP-47"
"2022-07-20","305148","29433","275142","497","17","76","989973","JP-47"
"2022-07-21","310368","31809","278010","497","17","52","994526","JP-47"
"2022-07-22","315022","32878","281561","500","18","83","1000767","JP-47"
"2022-07-23","320319","34863","284861","503","20","92","1004541","JP-47"
"2022-07-24","324944","36048","288267","503","20","126","1007021","JP-47"
"2022-07-25","327506","35264","291623","503","22","116","1010618","JP-47"
"2022-07-26","333128","37227","295225","507","25","169","1014614","JP-47"
"2022-07-27","337944","38666","298646","507","27","125","1019225","JP-47"
"2022-07-28","343386","39596","303163","507","26","120","1024162","JP-47"
"2022-07-29","348639","40119","307971","507","25","42","1028950","JP-47"
"2022-07-30","354401","40712","313068","507","26","114","1032665","JP-47"
"2022-07-31","358807","40152","317985","507","26","163","1035729","JP-47"
"2022-08-01","362066","39156","322239","507","27","164","1038565","JP-47"
"2022-08-02","367660","39503","327487","507","25","163","1042071","JP-47"
"2022-08-03","373840","41208","331912","511","23","209","1049256","JP-47"
"2022-08-04","378890","41352","336781","515","27","242","1052294","JP-47"
"2022-08-05","384610","40829","343072","516","24","193","1055142","JP-47"
"2022-08-06","389676","39998","348952","516","23","210","1057490","JP-47"
"2022-08-07","393953","39443","353758","516","23","236","1060323","JP-47"
"2022-08-08","396561","36983","358744","520","21","314","1062905","JP-47"
"2022-08-09","400850","36765","363232","525","22","328","1066195","JP-47"
"2022-08-10","405913","37752","367300","530","22","331","1069544","JP-47"
"2022-08-11","409992","37368","371778","535","23","311","1073186","JP-47"
"2022-08-12","413597","34993","377778","537","22","289","1074771","JP-47"
"2022-08-13","416722","33120","382714","537","21","351","1077825","JP-47"
"2022-08-14","420401","32618","386855","537","22","391","1080267","JP-47"
"2022-08-15","422483","30892","390649","542","26","400","1082954","JP-47"
"2022-08-16","426798","31229","394652","542","21","375","1086665","JP-47"
"2022-08-18","436146","32907","402231","555","19","453","1098900","JP-47"
"2022-08-19","439902","32845","406077","560","19","420","1102789","JP-47"
"2022-08-20","443843","32797","410046","560","20","440","1105268","JP-47"
"2022-08-21","447087","32664","413486","567","21","370","1106966","JP-47"
"2022-08-22","448787","31117","416684","571","21","415","1109641","JP-47"
"2022-08-23","452590","31412","420183","571","24","424","1112253","JP-47"
"2022-08-24","456319","31437","423780","578","25","524","1114843","JP-47"
"2022-08-25","459621","30963","427576","586","22","496","1121598","JP-47"
"2022-08-26","462636","29650","431937","593","26","456","1123979","JP-47"
"2022-08-27","465534","29115","435332","593","24","494","1126506","JP-47"
"2022-08-28","467786","28133","438599","600","25","454","1128396","JP-47"
"2022-08-29","469370","29609","438701","600","23","460","1129927","JP-47"
"2022-08-30","472093","26078","444968","608","27","439","1134265","JP-47"
"2022-08-31","474639","25630","447876","615","29","518","1140467","JP-47"
"2022-09-01","476679","24385","451201","623","30","470","1143178","JP-47"
"2022-09-02","478631","23168","454370","629","23","464","1145905","JP-47"
"2022-09-03","480655","22219","457391","637","28","408","1147336","JP-47"
"2022-09-04","481801","20935","459794","637","23","435","1147679","JP-47"
"2022-09-05","482451","19099","462335","644","24","373","1149559","JP-47"
"2022-09-06","484088","18216","464813","652","19","407","1151658","JP-47"
"2022-09-07","485779","18047","466615","652","14","465","1153389","JP-47"
"2022-09-08","486806","16745","468952","658","14","451","1154859","JP-47"
"2022-09-09","487989","11862","475065","662","15","400","1157282","JP-47"
"2022-09-10","488870","10388","477409","669","16","404","1158427","JP-47"
"2022-09-11","489591","9713","478807","669","16","402","1159430","JP-47"
"2022-09-12","490044","8567","480421","675","16","381","1161525","JP-47"
"2022-09-13","490875","8151","481632","683","13","409","1163419","JP-47"
"2022-09-14","491699","7754","482851","690","13","404","1165021","JP-47"
"2022-09-15","492452","7415","483949","690","15","398","1166560","JP-47"
"2022-09-16","493138","7236","484789","698","14","415","1167985","JP-47"
"2022-09-17","493800","6757","485983","698","13","362","1169127","JP-47"
"2022-09-18","494334","6286","487054","698","11","296","1170044","JP-47"
"2022-09-19","494628","5912","487713","698","10","305","1170617","JP-47"
"2022-09-20","494944","4766","489215","700","11","263","1171266","JP-47"
"2022-09-21","495726","4468","490272","700","8","286","1173457","JP-47"
"2022-09-22","496396","4010","491406","700","9","280","1175615","JP-47"
"2022-09-23","497035","3534","492527","706","7","268","1176259","JP-47"
"2022-09-24","497373","3180","493210","711","6","272","1177094","JP-47"
"2022-09-25","497868","3287","493597","711","5","273","1177701","JP-47"
"2022-09-26","498725","3084","494076","714","4","851","1178432","JP-47"
"2022-09-27","499198","3073","494076","714","5","1335","1180007","JP-47"
"2022-09-28","499767","3065","494076","714","5","1912","1181266","JP-47"
"2022-09-29","500206","3044","494076","718","5","2368","1182548","JP-47"
"2022-09-30","500682","3036","494076","722","6","2848","1188776","JP-47"
"2022-10-01","500986","3019","494076","727","6","3164","1189782","JP-47"
"2022-10-02","501188","3013","494076","727","6","3372","1190283","JP-47"
"2022-10-03","501700","3019","494076","729","6","3876","1190545","JP-47"
"2022-10-04","502106","2998","494076","734","8","4298","1193098","JP-47"
"2022-10-05","502500","2983","494076","738","9","4703","1194528","JP-47"
"2022-10-06","502852","2972","494076","743","7","5061","1195470","JP-47"
"2022-10-07","503298","2966","494076","747","7","5509","1197228","JP-47"
"2022-10-08","503525","2966","494076","753","6","5730","1196892","JP-47"
"2022-10-09","503629","2972","494076","753","6","5828","1198681","JP-47"
"2022-10-10","503794","2953","494076","757","5","6008","1200073","JP-47"
"2022-10-11","504407","2944","494076","757","5","6630","1200960","JP-47"
"2022-10-12","504819","2918","494076","760","5","7065","1201670","JP-47"
"2022-10-13","505130","2919","494076","760","4","7375","1203428","JP-47"
"2022-10-14","505413","2923","494076","760","4","7654","1204550","JP-47"
"2022-10-15","505577","2934","494076","760","4","7807","1205855","JP-47"
"2022-10-16","505655","2942","494076","760","3","7877","1206115","JP-47"
"2022-10-17","506011","2938","494076","763","3","8234","1212857","JP-47"
"2022-10-18","506349","2938","494076","767","4","8568","1214557","JP-47"
"2022-10-19","506660","2945","494076","772","3","8867","1217836","JP-47"
"2022-10-20","506875","2948","494076","775","3","9076","1218999","JP-47"
"2022-10-21","507201","2958","494076","775","3","9392","1219791","JP-47"
"2022-10-22","507393","2958","494076","775","4","9584","1220631","JP-47"
"2022-10-23","507469","2952","494076","775","5","9666","1221211","JP-47"
"2022-10-24","507743","2030","494076","775","5","10862","1222183","JP-47"
"2022-10-25","508054","1948","494076","779","7","11251","1224047","JP-47"
"2022-10-26","508336","1921","494076","784","7","11555","1225909","JP-47"
"2022-10-27","508601","1892","494076","784","6","11849","1226533","JP-47"
"2022-10-28","508855","1942","494076","784","6","12053","1227430","JP-47"
"2022-10-29","509095","1870","494076","784","6","12365","1228778","JP-47"
"2022-10-30","509214","1918","494076","784","7","12436","1229400","JP-47"
"2022-10-31","509577","1961","494076","789","6","12751","1230415","JP-47"
"2022-11-01","509954","2050","494076","789","6","13039","1231565","JP-47"
"2022-11-02","510228","2116","494076","794","5","13242","1232711","JP-47"
"2022-11-03","510369","2108","494076","794","5","13391","1233759","JP-47"
"2022-11-04","510719","1984","494076","798","4","13861","1234796","JP-47"
"2022-11-05","510986","2080","494076","798","3","14032","1235632","JP-47"
"2022-11-06","511118","2107","494076","798","3","14137","1235800","JP-47"
"2022-11-07","511511","2120","494076","801","2","14514","1236687","JP-47"
"2022-11-08","511890","2148","494076","801","3","14865","1237934","JP-47"
"2022-11-10","512546","2224","494076","803","4","15443","1241176","JP-47"
"2022-11-11","512839","2391","494076","808","4","15564","1241995","JP-47"
"2022-11-13","513178","2268","494076","808","4","16026","1242195","JP-47"
"2022-11-14","513574","2274","494076","808","6","16416","1242319","JP-47"
"2022-11-15","513932","2279","494076","812","4","16765","1242891","JP-47"
"2022-11-16","514280","2257","494076","812","4","17135","1247040","JP-47"
"2022-11-17","514623","2257","494076","812","5","17478","1248672","JP-47"
"2022-11-18","515003","2292","494076","812","5","17823","1249813","JP-47"
"2022-11-19","515265","2379","494076","812","5","17998","1250674","JP-47"
"2022-11-20","515421","2440","494076","812","5","18093","1251019","JP-47"
"2022-11-21","515869","2458","494076","812","7","18523","1253659","JP-47"
"2022-11-22","516427","2505","494076","813","6","19033","1254878","JP-47"
"2022-11-23","516677","2706","494076","813","7","19082","1256267","JP-47"
"2022-11-24","517232","2608","494076","813","7","19735","1258046","JP-47"
"2022-11-25","517690","2820","494076","815","8","19979","1219100","JP-47"
"2022-11-26","518089","2898","494076","815","8","20300","1259229","JP-47"
"2022-11-27","518277","3035","494076","815","8","20351","1259907","JP-47"
"2022-11-28","518955","3067","494076","815","9","20997","1260942","JP-47"
"2022-11-29","519614","3252","494076","815","10","21471","1262423","JP-47"
"2022-11-30","520208","3353","494076","815","10","21964","1263823","JP-47"
"2022-12-01","520727","3697","494076","815","10","22139","1265596","JP-47"
"2022-12-02","521344","3661","494076","820","7","22787","1267455","JP-47"
"2022-12-03","521781","3820","494076","820","7","23065","1268553","JP-47"
"2022-12-04","522001","3858","494076","820","7","23247","1269071","JP-47"
"2022-12-05","522846","3890","494076","820","7","24060","1270269","JP-47"
"2022-12-06","523565","4075","494076","820","8","24594","1271561","JP-47"
"2022-12-07","524274","4135","494076","820","9","25243","1273966","JP-47"
"2022-12-08","524919","4250","494076","820","6","25773","1275443","JP-47"
"2022-12-09","525562","4376","494076","824","5","26286","1276866","JP-47"
"2022-12-10","526069","4402","494076","824","5","26767","1278014","JP-47"
"2022-12-11","526401","4472","494076","824","5","27029","1278886","JP-47"
"2022-12-12","527341","4584","494076","824","4","27857","1279936","JP-47"
"2022-12-13","528175","4698","494076","826","4","28575","1281235","JP-47"
"2022-12-14","528964","4813","494076","826","4","29249","1284736","JP-47"
"2022-12-15","529654","4893","494076","826","4","29859","1286612","JP-47"
"2022-12-16","530301","4938","494076","830","5","30457","1288096","JP-47"
"2022-12-17","530747","4942","494076","830","5","30899","1290061","JP-47"
"2022-12-18","531042","4881","494076","830","5","31255","1291143","JP-47"
"2022-12-19","532084","4844","494076","830","3","32334","1292236","JP-47"
"2022-12-20","533018","4794","494076","834","4","33314","1295633","JP-47"
"2022-12-21","534028","4894","494076","834","3","34224","1297826","JP-47"
"2022-12-22","535063","5115","494076","834","2","35038","1300774","JP-47"
"2022-12-23","536033","5460","494076","837","5","35660","1302117","JP-47"
"2022-12-24","536751","5783","494076","837","5","36055","1303461","JP-47"
"2022-12-25","537150","6055","494076","837","5","36182","1304409","JP-47"
"2022-12-26","538400","6159","494076","837","6","37328","1305590","JP-47"
"2022-12-27","539835","6519","494076","837","10","38403","1307234","JP-47"
"2022-12-28","541274","7020","494076","837","10","39341","1309753","JP-47"
"2022-12-29","542444","7449","494076","837","4","40082","1311431","JP-47"
"2022-12-30","543381","7584","494076","837","5","40884","1313005","JP-47"
"2022-12-31","544133","7551","494076","837","5","41669","1313857","JP-47"
"2023-01-01","544751","7585","494076","837","5","42253","1314327","JP-47"
"2023-01-02","545537","7804","494076","837","4","42820","1315264","JP-47"
"2023-01-03","546572","7343","494076","837","6","44316","1315651","JP-47"
"2023-01-04","548938","6943","494076","837","8","47082","1317576","JP-47"
"2023-01-05","551014","7870","494076","837","5","48231","1319269","JP-47"
"2023-01-06","553200","8776","494076","841","4","49507","1321682","JP-47"
"2023-01-07","554545","10025","494076","841","8","49603","1324537","JP-47"
"2023-01-08","555416","10618","494076","841","7","49881","1326701","JP-47"
"2023-01-09","556316","10871","494076","841","7","50528","1327804","JP-47"
"2023-01-10","558163","10926","494076","841","9","52320","1329413","JP-47"
"2023-01-11","559757","11738","494076","841","6","53102","1331401","JP-47"
"2023-01-12","561140","10966","494076","841","8","55257","1334553","JP-47"
"2023-01-13","562338","10273","494076","847","9","57142","1339027","JP-47"
"2023-01-14","563145","9285","494076","847","10","58937","1341495","JP-47"
"2023-01-15","563578","8747","494076","847","10","59908","1342967","JP-47"
"2023-01-16","564584","8304","494076","847","9","61357","1344357","JP-47"
"2023-01-17","565290","8438","494076","851","8","61925","1346373","JP-47"
"2023-01-18","565898","7297","494076","851","9","63674","1348426","JP-47"
"2023-01-19","566466","6311","494076","851","10","65228","1351105","JP-47"
"2023-01-20","566952","5496","494076","858","7","66522","1352949","JP-47"
"2023-01-21","567360","4784","494076","858","7","67642","1354474","JP-47"
"2023-01-22","567573","4385","494076","858","6","68254","1355368","JP-47"
"2023-01-24","568869","3870","494076","858","8","70065","1359948","JP-47"
"2023-01-25","569272","3778","494076","866","5","70552","1362895","JP-47"
"2023-01-26","569708","3573","494076","866","3","71193","1364256","JP-47"
"2023-01-27","570061","3441","494076","873","3","71671","1365856","JP-47"
"2023-01-28","570374","3308","494076","873","4","72117","1367319","JP-47"
"2023-01-29","570527","3213","494076","873","5","72365","1367934","JP-47"
"2023-01-30","570890","3153","494076","873","4","72788","1368716","JP-47"
"2023-01-31","571274","2914","494076","881","3","73403","1372066","JP-47"
"2023-02-01","571605","2684","494076","881","2","73964","1374661","JP-47"
"2023-02-02","571921","2612","494076","881","2","74352","1376214","JP-47"
"2023-02-03","572210","2492","494076","881","2","74761","1378181","JP-47"
"2023-02-04","572457","2428","494076","881","2","75072","1379463","JP-47"
"2023-02-05","572620","2362","494076","881","2","75301","1380195","JP-47"
"2023-02-06","572921","2372","494076","881","4","75592","1381385","JP-47"
"2023-02-07","573210","2246","494076","886","5","76002","1384510","JP-47"
"2023-02-08","573450","2151","494076","886","3","76337","1386587","JP-47"
"2023-02-09","573644","2060","494076","886","4","76622","1387842","JP-47"
"2023-02-10","573800","1938","494076","890","2","76896","1388924","JP-47"
"2023-02-11","573886","1805","494076","890","1","77115","1390073","JP-47"
"2023-02-12","573937","1644","494076","890","1","77327","1390382","JP-47"
"2023-02-13","574151","1532","494076","893","1","77650","1392161","JP-47"
"2023-02-14","574289","1440","494076","898","2","77875","1394289","JP-47"
"2023-02-15","574391","1289","494076","906","0","78120","1396007","JP-47"
"2023-02-16","574500","1151","494076","911","0","78362","1397520","JP-47"
"2023-02-17","574593","1066","494076","911","0","78540","1398787","JP-47"
"2023-02-18","574676","1003","494076","911","0","78686","1399813","JP-47"
"2023-02-19","574711","1000","494076","911","0","78724","1400508","JP-47"
"2023-02-20","574830","984","494076","911","0","78859","1401307","JP-47"
"2023-02-21","574940","894","494076","911","1","79059","1402393","JP-47"
"2023-02-22","575025","866","494076","917","0","79166","1403715","JP-47"
"2023-02-23","575056","849","494076","917","0","79214","1404555","JP-47"
"2023-02-24","575140","771","494076","917","0","79376","1405257","JP-47"
"2023-02-25","575207","762","494076","917","0","79452","1405918","JP-47"
"2023-02-26","575233","746","494076","917","0","79494","1406557","JP-47"
"2023-02-27","575371","737","494076","917","1","79641","1407267","JP-47"
"2023-02-28","575455","707","494076","920","0","79752","1408447","JP-47"
"2023-03-01","575532","681","494076","923","0","79852","1409978","JP-47"
"2023-03-02","575623","673","494076","923","0","79951","1412633","JP-47"
"2023-03-03","575703","733","494076","923","0","79971","1413313","JP-47"
"2023-03-04","575749","729","494076","923","1","80021","1414391","JP-47"
"2023-03-05","575775","708","494076","923","1","80068","1414717","JP-47"
"2023-03-06","575890","708","494076","926","0","80180","1415613","JP-47"
"2023-03-07","575999","735","494076","926","0","80262","1416795","JP-47"
"2023-03-08","576111","760","494076","926","1","80349","1418120","JP-47"
"2023-03-09","576196","795","494076","926","1","80399","1419449","JP-47"
"2023-03-10","576269","789","494076","1001","1","80403","1420359","JP-47"
"2023-03-12","576364","790","494076","1001","2","80497","1421422","JP-47"
"2023-03-13","576504","805","494076","1001","1","80622","1421735","JP-47"
"2023-03-14","576595","812","494076","1001","1","80706","1423466","JP-47"
"2023-03-15","576661","794","494076","1004","1","80787","1424794","JP-47"
"2023-03-16","576722","748","494076","1004","1","80894","1426150","JP-47"
"2023-03-17","576796","724","494076","1007","1","80989","1426994","JP-47"
"2023-03-18","576830","725","494076","1007","1","81022","1427701","JP-47"
"2023-03-19","576852","705","494076","1007","1","81064","1428372","JP-47"
"2023-03-20","577013","686","494076","1007","0","81244","1429032","JP-47"
"2023-03-21","577060","685","494076","1007","1","81292","1429860","JP-47"
"2023-03-22","577172","641","494076","1007","0","81448","1430650","JP-47"
"2023-03-23","577274","687","494076","1007","0","81504","1431770","JP-47"
"2023-03-24","577364","728","494076","1010","0","81550","1433361","JP-47"
"2023-03-26","577440","761","494076","1010","1","81593","1434470","JP-47"
"2023-03-27","577516","764","494076","1011","1","81665","1435362","JP-47"
"2023-03-28","577578","718","494076","1011","1","81773","1435601","JP-47"
"2023-03-29","577669","733","494076","1011","0","81849","1436771","JP-47"
"2023-03-30","577724","712","494076","1011","0","81925","1437536","JP-47"
"2023-04-02","577894","666","494076","1011","0","82141","1439553","JP-47"
"2023-04-03","578003","669","494076","1011","0","82247","1439965","JP-47"
"2023-04-04","578115","694","494076","1011","0","82334","1440813","JP-47"
"2023-04-05","578195","744","494076","1012","0","82363","1441940","JP-47"
"2023-04-06","578274","733","494076","1012","0","82453","1442542","JP-47"
"2023-04-07","578373","757","494076","1012","0","82528","1443184","JP-47"
"2023-04-10","578620","778","494076","1013","0","82753","1444728","JP-47"
"2023-04-11","578764","824","494076","1013","0","82851","1445301","JP-47"
"2023-04-12","578925","856","494076","1013","0","82980","1446253","JP-47"
"2023-04-13","579084","937","494076","1013","0","83058","1446921","JP-47"
"2023-04-14","579239","1017","494076","1013","0","83133","1447622","JP-47"
"2023-04-15","579372","1073","494076","1013","0","83210","1448180","JP-47"
"2023-04-16","579436","1139","494076","1013","0","83208","1448708","JP-47"
"2023-04-17","579621","1178","494076","1013","0","83354","1449153","JP-47"